sourceTypeID,roadTypeID,dayID,hourID,hourVMTFraction
11,1,2,1,0.0214739
11,1,2,2,0.0144428
11,1,2,3,0.0109684
11,1,2,4,0.00749451
11,1,2,5,0.00683855
11,1,2,6,0.0103588
11,1,2,7,0.0184304
11,1,2,8,0.0268117
11,1,2,9,0.0363852
11,1,2,10,0.0475407
11,1,2,11,0.0574664
11,1,2,12,0.0650786
11,1,2,13,0.0713228
11,1,2,14,0.0714917
11,1,2,15,0.0717226
11,1,2,16,0.0720061
11,1,2,17,0.0711487
11,1,2,18,0.0678874
11,1,2,19,0.0617718
11,1,2,20,0.0516882
11,1,2,21,0.0428658
11,1,2,22,0.0380302
11,1,2,23,0.0322072
11,1,2,24,0.0245677
11,1,5,1,0.00986211
11,1,5,2,0.00627248
11,1,5,3,0.00505767
11,1,5,4,0.00466686
11,1,5,5,0.00699469
11,1,5,6,0.018494
11,1,5,7,0.0459565
11,1,5,8,0.0696444
11,1,5,9,0.0608279
11,1,5,10,0.0502862
11,1,5,11,0.0499351
11,1,5,12,0.0543654
11,1,5,13,0.0576462
11,1,5,14,0.0580319
11,1,5,15,0.0622554
11,1,5,16,0.0710049
11,1,5,17,0.0769725
11,1,5,18,0.077432
11,1,5,19,0.059783
11,1,5,20,0.0443923
11,1,5,21,0.0354458
11,1,5,22,0.031824
11,1,5,23,0.0249419
11,1,5,24,0.0179068
11,2,2,1,0.0164213
11,2,2,2,0.0111921
11,2,2,3,0.0085415
11,2,2,4,0.00679328
11,2,2,5,0.00721894
11,2,2,6,0.0107619
11,2,2,7,0.01768
11,2,2,8,0.0268751
11,2,2,9,0.0386587
11,2,2,10,0.0522389
11,2,2,11,0.0631739
11,2,2,12,0.0699435
11,2,2,13,0.0729332
11,2,2,14,0.0731218
11,2,2,15,0.0736159
11,2,2,16,0.0744608
11,2,2,17,0.0742165
11,2,2,18,0.0700091
11,2,2,19,0.0614038
11,2,2,20,0.0505043
11,2,2,21,0.0412072
11,2,2,22,0.0336373
11,2,2,23,0.0262243
11,2,2,24,0.0191666
11,2,5,1,0.0107741
11,2,5,2,0.00764376
11,2,5,3,0.00654641
11,2,5,4,0.00663486
11,2,5,5,0.00953999
11,2,5,6,0.0200551
11,2,5,7,0.0410295
11,2,5,8,0.0579722
11,2,5,9,0.0534711
11,2,5,10,0.0525478
11,2,5,11,0.0550607
11,2,5,12,0.0576741
11,2,5,13,0.0591429
11,2,5,14,0.0608019
11,2,5,15,0.0652985
11,2,5,16,0.0726082
11,2,5,17,0.0773817
11,2,5,18,0.0754816
11,2,5,19,0.0587059
11,2,5,20,0.0439864
11,2,5,21,0.0357309
11,2,5,22,0.0307428
11,2,5,23,0.0238521
11,2,5,24,0.0173177
11,3,2,1,0.0164213
11,3,2,2,0.0111921
11,3,2,3,0.0085415
11,3,2,4,0.00679328
11,3,2,5,0.00721894
11,3,2,6,0.0107619
11,3,2,7,0.01768
11,3,2,8,0.0268751
11,3,2,9,0.0386587
11,3,2,10,0.0522389
11,3,2,11,0.0631739
11,3,2,12,0.0699435
11,3,2,13,0.0729332
11,3,2,14,0.0731218
11,3,2,15,0.0736159
11,3,2,16,0.0744608
11,3,2,17,0.0742165
11,3,2,18,0.0700091
11,3,2,19,0.0614038
11,3,2,20,0.0505043
11,3,2,21,0.0412072
11,3,2,22,0.0336373
11,3,2,23,0.0262243
11,3,2,24,0.0191666
11,3,5,1,0.0107741
11,3,5,2,0.00764376
11,3,5,3,0.00654641
11,3,5,4,0.00663486
11,3,5,5,0.00953999
11,3,5,6,0.0200551
11,3,5,7,0.0410295
11,3,5,8,0.0579722
11,3,5,9,0.0534711
11,3,5,10,0.0525478
11,3,5,11,0.0550607
11,3,5,12,0.0576741
11,3,5,13,0.0591429
11,3,5,14,0.0608019
11,3,5,15,0.0652985
11,3,5,16,0.0726082
11,3,5,17,0.0773817
11,3,5,18,0.0754816
11,3,5,19,0.0587059
11,3,5,20,0.0439864
11,3,5,21,0.0357309
11,3,5,22,0.0307428
11,3,5,23,0.0238521
11,3,5,24,0.0173177
11,4,2,1,0.0214739
11,4,2,2,0.0144428
11,4,2,3,0.0109684
11,4,2,4,0.00749451
11,4,2,5,0.00683855
11,4,2,6,0.0103588
11,4,2,7,0.0184304
11,4,2,8,0.0268117
11,4,2,9,0.0363852
11,4,2,10,0.0475407
11,4,2,11,0.0574664
11,4,2,12,0.0650786
11,4,2,13,0.0713228
11,4,2,14,0.0714917
11,4,2,15,0.0717226
11,4,2,16,0.0720061
11,4,2,17,0.0711487
11,4,2,18,0.0678874
11,4,2,19,0.0617718
11,4,2,20,0.0516882
11,4,2,21,0.0428658
11,4,2,22,0.0380302
11,4,2,23,0.0322072
11,4,2,24,0.0245677
11,4,5,1,0.00986211
11,4,5,2,0.00627248
11,4,5,3,0.00505767
11,4,5,4,0.00466686
11,4,5,5,0.00699469
11,4,5,6,0.018494
11,4,5,7,0.0459565
11,4,5,8,0.0696444
11,4,5,9,0.0608279
11,4,5,10,0.0502862
11,4,5,11,0.0499351
11,4,5,12,0.0543654
11,4,5,13,0.0576462
11,4,5,14,0.0580319
11,4,5,15,0.0622554
11,4,5,16,0.0710049
11,4,5,17,0.0769725
11,4,5,18,0.077432
11,4,5,19,0.059783
11,4,5,20,0.0443923
11,4,5,21,0.0354458
11,4,5,22,0.031824
11,4,5,23,0.0249419
11,4,5,24,0.0179068
11,5,2,1,0.0214739
11,5,2,2,0.0144428
11,5,2,3,0.0109684
11,5,2,4,0.00749451
11,5,2,5,0.00683855
11,5,2,6,0.0103588
11,5,2,7,0.0184304
11,5,2,8,0.0268117
11,5,2,9,0.0363852
11,5,2,10,0.0475407
11,5,2,11,0.0574664
11,5,2,12,0.0650786
11,5,2,13,0.0713228
11,5,2,14,0.0714917
11,5,2,15,0.0717226
11,5,2,16,0.0720061
11,5,2,17,0.0711487
11,5,2,18,0.0678874
11,5,2,19,0.0617718
11,5,2,20,0.0516882
11,5,2,21,0.0428658
11,5,2,22,0.0380302
11,5,2,23,0.0322072
11,5,2,24,0.0245677
11,5,5,1,0.00986211
11,5,5,2,0.00627248
11,5,5,3,0.00505767
11,5,5,4,0.00466686
11,5,5,5,0.00699469
11,5,5,6,0.018494
11,5,5,7,0.0459565
11,5,5,8,0.0696444
11,5,5,9,0.0608279
11,5,5,10,0.0502862
11,5,5,11,0.0499351
11,5,5,12,0.0543654
11,5,5,13,0.0576462
11,5,5,14,0.0580319
11,5,5,15,0.0622554
11,5,5,16,0.0710049
11,5,5,17,0.0769725
11,5,5,18,0.077432
11,5,5,19,0.059783
11,5,5,20,0.0443923
11,5,5,21,0.0354458
11,5,5,22,0.031824
11,5,5,23,0.0249419
11,5,5,24,0.0179068
21,1,2,1,0.0214739
21,1,2,2,0.0144428
21,1,2,3,0.0109684
21,1,2,4,0.00749451
21,1,2,5,0.00683855
21,1,2,6,0.0103588
21,1,2,7,0.0184304
21,1,2,8,0.0268117
21,1,2,9,0.0363852
21,1,2,10,0.0475407
21,1,2,11,0.0574664
21,1,2,12,0.0650786
21,1,2,13,0.0713228
21,1,2,14,0.0714917
21,1,2,15,0.0717226
21,1,2,16,0.0720061
21,1,2,17,0.0711487
21,1,2,18,0.0678874
21,1,2,19,0.0617718
21,1,2,20,0.0516882
21,1,2,21,0.0428658
21,1,2,22,0.0380302
21,1,2,23,0.0322072
21,1,2,24,0.0245677
21,1,5,1,0.00986211
21,1,5,2,0.00627248
21,1,5,3,0.00505767
21,1,5,4,0.00466686
21,1,5,5,0.00699469
21,1,5,6,0.018494
21,1,5,7,0.0459565
21,1,5,8,0.0696444
21,1,5,9,0.0608279
21,1,5,10,0.0502862
21,1,5,11,0.0499351
21,1,5,12,0.0543654
21,1,5,13,0.0576462
21,1,5,14,0.0580319
21,1,5,15,0.0622554
21,1,5,16,0.0710049
21,1,5,17,0.0769725
21,1,5,18,0.077432
21,1,5,19,0.059783
21,1,5,20,0.0443923
21,1,5,21,0.0354458
21,1,5,22,0.031824
21,1,5,23,0.0249419
21,1,5,24,0.0179068
21,2,2,1,0.0164213
21,2,2,2,0.0111921
21,2,2,3,0.0085415
21,2,2,4,0.00679328
21,2,2,5,0.00721894
21,2,2,6,0.0107619
21,2,2,7,0.01768
21,2,2,8,0.0268751
21,2,2,9,0.0386587
21,2,2,10,0.0522389
21,2,2,11,0.0631739
21,2,2,12,0.0699435
21,2,2,13,0.0729332
21,2,2,14,0.0731218
21,2,2,15,0.0736159
21,2,2,16,0.0744608
21,2,2,17,0.0742165
21,2,2,18,0.0700091
21,2,2,19,0.0614038
21,2,2,20,0.0505043
21,2,2,21,0.0412072
21,2,2,22,0.0336373
21,2,2,23,0.0262243
21,2,2,24,0.0191666
21,2,5,1,0.0107741
21,2,5,2,0.00764376
21,2,5,3,0.00654641
21,2,5,4,0.00663486
21,2,5,5,0.00953999
21,2,5,6,0.0200551
21,2,5,7,0.0410295
21,2,5,8,0.0579722
21,2,5,9,0.0534711
21,2,5,10,0.0525478
21,2,5,11,0.0550607
21,2,5,12,0.0576741
21,2,5,13,0.0591429
21,2,5,14,0.0608019
21,2,5,15,0.0652985
21,2,5,16,0.0726082
21,2,5,17,0.0773817
21,2,5,18,0.0754816
21,2,5,19,0.0587059
21,2,5,20,0.0439864
21,2,5,21,0.0357309
21,2,5,22,0.0307428
21,2,5,23,0.0238521
21,2,5,24,0.0173177
21,3,2,1,0.0164213
21,3,2,2,0.0111921
21,3,2,3,0.0085415
21,3,2,4,0.00679328
21,3,2,5,0.00721894
21,3,2,6,0.0107619
21,3,2,7,0.01768
21,3,2,8,0.0268751
21,3,2,9,0.0386587
21,3,2,10,0.0522389
21,3,2,11,0.0631739
21,3,2,12,0.0699435
21,3,2,13,0.0729332
21,3,2,14,0.0731218
21,3,2,15,0.0736159
21,3,2,16,0.0744608
21,3,2,17,0.0742165
21,3,2,18,0.0700091
21,3,2,19,0.0614038
21,3,2,20,0.0505043
21,3,2,21,0.0412072
21,3,2,22,0.0336373
21,3,2,23,0.0262243
21,3,2,24,0.0191666
21,3,5,1,0.0107741
21,3,5,2,0.00764376
21,3,5,3,0.00654641
21,3,5,4,0.00663486
21,3,5,5,0.00953999
21,3,5,6,0.0200551
21,3,5,7,0.0410295
21,3,5,8,0.0579722
21,3,5,9,0.0534711
21,3,5,10,0.0525478
21,3,5,11,0.0550607
21,3,5,12,0.0576741
21,3,5,13,0.0591429
21,3,5,14,0.0608019
21,3,5,15,0.0652985
21,3,5,16,0.0726082
21,3,5,17,0.0773817
21,3,5,18,0.0754816
21,3,5,19,0.0587059
21,3,5,20,0.0439864
21,3,5,21,0.0357309
21,3,5,22,0.0307428
21,3,5,23,0.0238521
21,3,5,24,0.0173177
21,4,2,1,0.0214739
21,4,2,2,0.0144428
21,4,2,3,0.0109684
21,4,2,4,0.00749451
21,4,2,5,0.00683855
21,4,2,6,0.0103588
21,4,2,7,0.0184304
21,4,2,8,0.0268117
21,4,2,9,0.0363852
21,4,2,10,0.0475407
21,4,2,11,0.0574664
21,4,2,12,0.0650786
21,4,2,13,0.0713228
21,4,2,14,0.0714917
21,4,2,15,0.0717226
21,4,2,16,0.0720061
21,4,2,17,0.0711487
21,4,2,18,0.0678874
21,4,2,19,0.0617718
21,4,2,20,0.0516882
21,4,2,21,0.0428658
21,4,2,22,0.0380302
21,4,2,23,0.0322072
21,4,2,24,0.0245677
21,4,5,1,0.00986211
21,4,5,2,0.00627248
21,4,5,3,0.00505767
21,4,5,4,0.00466686
21,4,5,5,0.00699469
21,4,5,6,0.018494
21,4,5,7,0.0459565
21,4,5,8,0.0696444
21,4,5,9,0.0608279
21,4,5,10,0.0502862
21,4,5,11,0.0499351
21,4,5,12,0.0543654
21,4,5,13,0.0576462
21,4,5,14,0.0580319
21,4,5,15,0.0622554
21,4,5,16,0.0710049
21,4,5,17,0.0769725
21,4,5,18,0.077432
21,4,5,19,0.059783
21,4,5,20,0.0443923
21,4,5,21,0.0354458
21,4,5,22,0.031824
21,4,5,23,0.0249419
21,4,5,24,0.0179068
21,5,2,1,0.0214739
21,5,2,2,0.0144428
21,5,2,3,0.0109684
21,5,2,4,0.00749451
21,5,2,5,0.00683855
21,5,2,6,0.0103588
21,5,2,7,0.0184304
21,5,2,8,0.0268117
21,5,2,9,0.0363852
21,5,2,10,0.0475407
21,5,2,11,0.0574664
21,5,2,12,0.0650786
21,5,2,13,0.0713228
21,5,2,14,0.0714917
21,5,2,15,0.0717226
21,5,2,16,0.0720061
21,5,2,17,0.0711487
21,5,2,18,0.0678874
21,5,2,19,0.0617718
21,5,2,20,0.0516882
21,5,2,21,0.0428658
21,5,2,22,0.0380302
21,5,2,23,0.0322072
21,5,2,24,0.0245677
21,5,5,1,0.00986211
21,5,5,2,0.00627248
21,5,5,3,0.00505767
21,5,5,4,0.00466686
21,5,5,5,0.00699469
21,5,5,6,0.018494
21,5,5,7,0.0459565
21,5,5,8,0.0696444
21,5,5,9,0.0608279
21,5,5,10,0.0502862
21,5,5,11,0.0499351
21,5,5,12,0.0543654
21,5,5,13,0.0576462
21,5,5,14,0.0580319
21,5,5,15,0.0622554
21,5,5,16,0.0710049
21,5,5,17,0.0769725
21,5,5,18,0.077432
21,5,5,19,0.059783
21,5,5,20,0.0443923
21,5,5,21,0.0354458
21,5,5,22,0.031824
21,5,5,23,0.0249419
21,5,5,24,0.0179068
31,1,2,1,0.0214739
31,1,2,2,0.0144428
31,1,2,3,0.0109684
31,1,2,4,0.00749451
31,1,2,5,0.00683855
31,1,2,6,0.0103588
31,1,2,7,0.0184304
31,1,2,8,0.0268117
31,1,2,9,0.0363852
31,1,2,10,0.0475407
31,1,2,11,0.0574664
31,1,2,12,0.0650786
31,1,2,13,0.0713228
31,1,2,14,0.0714917
31,1,2,15,0.0717226
31,1,2,16,0.0720061
31,1,2,17,0.0711487
31,1,2,18,0.0678874
31,1,2,19,0.0617718
31,1,2,20,0.0516882
31,1,2,21,0.0428658
31,1,2,22,0.0380302
31,1,2,23,0.0322072
31,1,2,24,0.0245677
31,1,5,1,0.00986211
31,1,5,2,0.00627248
31,1,5,3,0.00505767
31,1,5,4,0.00466686
31,1,5,5,0.00699469
31,1,5,6,0.018494
31,1,5,7,0.0459565
31,1,5,8,0.0696444
31,1,5,9,0.0608279
31,1,5,10,0.0502862
31,1,5,11,0.0499351
31,1,5,12,0.0543654
31,1,5,13,0.0576462
31,1,5,14,0.0580319
31,1,5,15,0.0622554
31,1,5,16,0.0710049
31,1,5,17,0.0769725
31,1,5,18,0.077432
31,1,5,19,0.059783
31,1,5,20,0.0443923
31,1,5,21,0.0354458
31,1,5,22,0.031824
31,1,5,23,0.0249419
31,1,5,24,0.0179068
31,2,2,1,0.0164213
31,2,2,2,0.0111921
31,2,2,3,0.0085415
31,2,2,4,0.00679328
31,2,2,5,0.00721894
31,2,2,6,0.0107619
31,2,2,7,0.01768
31,2,2,8,0.0268751
31,2,2,9,0.0386587
31,2,2,10,0.0522389
31,2,2,11,0.0631739
31,2,2,12,0.0699435
31,2,2,13,0.0729332
31,2,2,14,0.0731218
31,2,2,15,0.0736159
31,2,2,16,0.0744608
31,2,2,17,0.0742165
31,2,2,18,0.0700091
31,2,2,19,0.0614038
31,2,2,20,0.0505043
31,2,2,21,0.0412072
31,2,2,22,0.0336373
31,2,2,23,0.0262243
31,2,2,24,0.0191666
31,2,5,1,0.0107741
31,2,5,2,0.00764376
31,2,5,3,0.00654641
31,2,5,4,0.00663486
31,2,5,5,0.00953999
31,2,5,6,0.0200551
31,2,5,7,0.0410295
31,2,5,8,0.0579722
31,2,5,9,0.0534711
31,2,5,10,0.0525478
31,2,5,11,0.0550607
31,2,5,12,0.0576741
31,2,5,13,0.0591429
31,2,5,14,0.0608019
31,2,5,15,0.0652985
31,2,5,16,0.0726082
31,2,5,17,0.0773817
31,2,5,18,0.0754816
31,2,5,19,0.0587059
31,2,5,20,0.0439864
31,2,5,21,0.0357309
31,2,5,22,0.0307428
31,2,5,23,0.0238521
31,2,5,24,0.0173177
31,3,2,1,0.0164213
31,3,2,2,0.0111921
31,3,2,3,0.0085415
31,3,2,4,0.00679328
31,3,2,5,0.00721894
31,3,2,6,0.0107619
31,3,2,7,0.01768
31,3,2,8,0.0268751
31,3,2,9,0.0386587
31,3,2,10,0.0522389
31,3,2,11,0.0631739
31,3,2,12,0.0699435
31,3,2,13,0.0729332
31,3,2,14,0.0731218
31,3,2,15,0.0736159
31,3,2,16,0.0744608
31,3,2,17,0.0742165
31,3,2,18,0.0700091
31,3,2,19,0.0614038
31,3,2,20,0.0505043
31,3,2,21,0.0412072
31,3,2,22,0.0336373
31,3,2,23,0.0262243
31,3,2,24,0.0191666
31,3,5,1,0.0107741
31,3,5,2,0.00764376
31,3,5,3,0.00654641
31,3,5,4,0.00663486
31,3,5,5,0.00953999
31,3,5,6,0.0200551
31,3,5,7,0.0410295
31,3,5,8,0.0579722
31,3,5,9,0.0534711
31,3,5,10,0.0525478
31,3,5,11,0.0550607
31,3,5,12,0.0576741
31,3,5,13,0.0591429
31,3,5,14,0.0608019
31,3,5,15,0.0652985
31,3,5,16,0.0726082
31,3,5,17,0.0773817
31,3,5,18,0.0754816
31,3,5,19,0.0587059
31,3,5,20,0.0439864
31,3,5,21,0.0357309
31,3,5,22,0.0307428
31,3,5,23,0.0238521
31,3,5,24,0.0173177
31,4,2,1,0.0214739
31,4,2,2,0.0144428
31,4,2,3,0.0109684
31,4,2,4,0.00749451
31,4,2,5,0.00683855
31,4,2,6,0.0103588
31,4,2,7,0.0184304
31,4,2,8,0.0268117
31,4,2,9,0.0363852
31,4,2,10,0.0475407
31,4,2,11,0.0574664
31,4,2,12,0.0650786
31,4,2,13,0.0713228
31,4,2,14,0.0714917
31,4,2,15,0.0717226
31,4,2,16,0.0720061
31,4,2,17,0.0711487
31,4,2,18,0.0678874
31,4,2,19,0.0617718
31,4,2,20,0.0516882
31,4,2,21,0.0428658
31,4,2,22,0.0380302
31,4,2,23,0.0322072
31,4,2,24,0.0245677
31,4,5,1,0.00986211
31,4,5,2,0.00627248
31,4,5,3,0.00505767
31,4,5,4,0.00466686
31,4,5,5,0.00699469
31,4,5,6,0.018494
31,4,5,7,0.0459565
31,4,5,8,0.0696444
31,4,5,9,0.0608279
31,4,5,10,0.0502862
31,4,5,11,0.0499351
31,4,5,12,0.0543654
31,4,5,13,0.0576462
31,4,5,14,0.0580319
31,4,5,15,0.0622554
31,4,5,16,0.0710049
31,4,5,17,0.0769725
31,4,5,18,0.077432
31,4,5,19,0.059783
31,4,5,20,0.0443923
31,4,5,21,0.0354458
31,4,5,22,0.031824
31,4,5,23,0.0249419
31,4,5,24,0.0179068
31,5,2,1,0.0214739
31,5,2,2,0.0144428
31,5,2,3,0.0109684
31,5,2,4,0.00749451
31,5,2,5,0.00683855
31,5,2,6,0.0103588
31,5,2,7,0.0184304
31,5,2,8,0.0268117
31,5,2,9,0.0363852
31,5,2,10,0.0475407
31,5,2,11,0.0574664
31,5,2,12,0.0650786
31,5,2,13,0.0713228
31,5,2,14,0.0714917
31,5,2,15,0.0717226
31,5,2,16,0.0720061
31,5,2,17,0.0711487
31,5,2,18,0.0678874
31,5,2,19,0.0617718
31,5,2,20,0.0516882
31,5,2,21,0.0428658
31,5,2,22,0.0380302
31,5,2,23,0.0322072
31,5,2,24,0.0245677
31,5,5,1,0.00986211
31,5,5,2,0.00627248
31,5,5,3,0.00505767
31,5,5,4,0.00466686
31,5,5,5,0.00699469
31,5,5,6,0.018494
31,5,5,7,0.0459565
31,5,5,8,0.0696444
31,5,5,9,0.0608279
31,5,5,10,0.0502862
31,5,5,11,0.0499351
31,5,5,12,0.0543654
31,5,5,13,0.0576462
31,5,5,14,0.0580319
31,5,5,15,0.0622554
31,5,5,16,0.0710049
31,5,5,17,0.0769725
31,5,5,18,0.077432
31,5,5,19,0.059783
31,5,5,20,0.0443923
31,5,5,21,0.0354458
31,5,5,22,0.031824
31,5,5,23,0.0249419
31,5,5,24,0.0179068
32,1,2,1,0.0214739
32,1,2,2,0.0144428
32,1,2,3,0.0109684
32,1,2,4,0.00749451
32,1,2,5,0.00683855
32,1,2,6,0.0103588
32,1,2,7,0.0184304
32,1,2,8,0.0268117
32,1,2,9,0.0363852
32,1,2,10,0.0475407
32,1,2,11,0.0574664
32,1,2,12,0.0650786
32,1,2,13,0.0713228
32,1,2,14,0.0714917
32,1,2,15,0.0717226
32,1,2,16,0.0720061
32,1,2,17,0.0711487
32,1,2,18,0.0678874
32,1,2,19,0.0617718
32,1,2,20,0.0516882
32,1,2,21,0.0428658
32,1,2,22,0.0380302
32,1,2,23,0.0322072
32,1,2,24,0.0245677
32,1,5,1,0.00986211
32,1,5,2,0.00627248
32,1,5,3,0.00505767
32,1,5,4,0.00466686
32,1,5,5,0.00699469
32,1,5,6,0.018494
32,1,5,7,0.0459565
32,1,5,8,0.0696444
32,1,5,9,0.0608279
32,1,5,10,0.0502862
32,1,5,11,0.0499351
32,1,5,12,0.0543654
32,1,5,13,0.0576462
32,1,5,14,0.0580319
32,1,5,15,0.0622554
32,1,5,16,0.0710049
32,1,5,17,0.0769725
32,1,5,18,0.077432
32,1,5,19,0.059783
32,1,5,20,0.0443923
32,1,5,21,0.0354458
32,1,5,22,0.031824
32,1,5,23,0.0249419
32,1,5,24,0.0179068
32,2,2,1,0.0164213
32,2,2,2,0.0111921
32,2,2,3,0.0085415
32,2,2,4,0.00679328
32,2,2,5,0.00721894
32,2,2,6,0.0107619
32,2,2,7,0.01768
32,2,2,8,0.0268751
32,2,2,9,0.0386587
32,2,2,10,0.0522389
32,2,2,11,0.0631739
32,2,2,12,0.0699435
32,2,2,13,0.0729332
32,2,2,14,0.0731218
32,2,2,15,0.0736159
32,2,2,16,0.0744608
32,2,2,17,0.0742165
32,2,2,18,0.0700091
32,2,2,19,0.0614038
32,2,2,20,0.0505043
32,2,2,21,0.0412072
32,2,2,22,0.0336373
32,2,2,23,0.0262243
32,2,2,24,0.0191666
32,2,5,1,0.0107741
32,2,5,2,0.00764376
32,2,5,3,0.00654641
32,2,5,4,0.00663486
32,2,5,5,0.00953999
32,2,5,6,0.0200551
32,2,5,7,0.0410295
32,2,5,8,0.0579722
32,2,5,9,0.0534711
32,2,5,10,0.0525478
32,2,5,11,0.0550607
32,2,5,12,0.0576741
32,2,5,13,0.0591429
32,2,5,14,0.0608019
32,2,5,15,0.0652985
32,2,5,16,0.0726082
32,2,5,17,0.0773817
32,2,5,18,0.0754816
32,2,5,19,0.0587059
32,2,5,20,0.0439864
32,2,5,21,0.0357309
32,2,5,22,0.0307428
32,2,5,23,0.0238521
32,2,5,24,0.0173177
32,3,2,1,0.0164213
32,3,2,2,0.0111921
32,3,2,3,0.0085415
32,3,2,4,0.00679328
32,3,2,5,0.00721894
32,3,2,6,0.0107619
32,3,2,7,0.01768
32,3,2,8,0.0268751
32,3,2,9,0.0386587
32,3,2,10,0.0522389
32,3,2,11,0.0631739
32,3,2,12,0.0699435
32,3,2,13,0.0729332
32,3,2,14,0.0731218
32,3,2,15,0.0736159
32,3,2,16,0.0744608
32,3,2,17,0.0742165
32,3,2,18,0.0700091
32,3,2,19,0.0614038
32,3,2,20,0.0505043
32,3,2,21,0.0412072
32,3,2,22,0.0336373
32,3,2,23,0.0262243
32,3,2,24,0.0191666
32,3,5,1,0.0107741
32,3,5,2,0.00764376
32,3,5,3,0.00654641
32,3,5,4,0.00663486
32,3,5,5,0.00953999
32,3,5,6,0.0200551
32,3,5,7,0.0410295
32,3,5,8,0.0579722
32,3,5,9,0.0534711
32,3,5,10,0.0525478
32,3,5,11,0.0550607
32,3,5,12,0.0576741
32,3,5,13,0.0591429
32,3,5,14,0.0608019
32,3,5,15,0.0652985
32,3,5,16,0.0726082
32,3,5,17,0.0773817
32,3,5,18,0.0754816
32,3,5,19,0.0587059
32,3,5,20,0.0439864
32,3,5,21,0.0357309
32,3,5,22,0.0307428
32,3,5,23,0.0238521
32,3,5,24,0.0173177
32,4,2,1,0.0214739
32,4,2,2,0.0144428
32,4,2,3,0.0109684
32,4,2,4,0.00749451
32,4,2,5,0.00683855
32,4,2,6,0.0103588
32,4,2,7,0.0184304
32,4,2,8,0.0268117
32,4,2,9,0.0363852
32,4,2,10,0.0475407
32,4,2,11,0.0574664
32,4,2,12,0.0650786
32,4,2,13,0.0713228
32,4,2,14,0.0714917
32,4,2,15,0.0717226
32,4,2,16,0.0720061
32,4,2,17,0.0711487
32,4,2,18,0.0678874
32,4,2,19,0.0617718
32,4,2,20,0.0516882
32,4,2,21,0.0428658
32,4,2,22,0.0380302
32,4,2,23,0.0322072
32,4,2,24,0.0245677
32,4,5,1,0.00986211
32,4,5,2,0.00627248
32,4,5,3,0.00505767
32,4,5,4,0.00466686
32,4,5,5,0.00699469
32,4,5,6,0.018494
32,4,5,7,0.0459565
32,4,5,8,0.0696444
32,4,5,9,0.0608279
32,4,5,10,0.0502862
32,4,5,11,0.0499351
32,4,5,12,0.0543654
32,4,5,13,0.0576462
32,4,5,14,0.0580319
32,4,5,15,0.0622554
32,4,5,16,0.0710049
32,4,5,17,0.0769725
32,4,5,18,0.077432
32,4,5,19,0.059783
32,4,5,20,0.0443923
32,4,5,21,0.0354458
32,4,5,22,0.031824
32,4,5,23,0.0249419
32,4,5,24,0.0179068
32,5,2,1,0.0214739
32,5,2,2,0.0144428
32,5,2,3,0.0109684
32,5,2,4,0.00749451
32,5,2,5,0.00683855
32,5,2,6,0.0103588
32,5,2,7,0.0184304
32,5,2,8,0.0268117
32,5,2,9,0.0363852
32,5,2,10,0.0475407
32,5,2,11,0.0574664
32,5,2,12,0.0650786
32,5,2,13,0.0713228
32,5,2,14,0.0714917
32,5,2,15,0.0717226
32,5,2,16,0.0720061
32,5,2,17,0.0711487
32,5,2,18,0.0678874
32,5,2,19,0.0617718
32,5,2,20,0.0516882
32,5,2,21,0.0428658
32,5,2,22,0.0380302
32,5,2,23,0.0322072
32,5,2,24,0.0245677
32,5,5,1,0.00986211
32,5,5,2,0.00627248
32,5,5,3,0.00505767
32,5,5,4,0.00466686
32,5,5,5,0.00699469
32,5,5,6,0.018494
32,5,5,7,0.0459565
32,5,5,8,0.0696444
32,5,5,9,0.0608279
32,5,5,10,0.0502862
32,5,5,11,0.0499351
32,5,5,12,0.0543654
32,5,5,13,0.0576462
32,5,5,14,0.0580319
32,5,5,15,0.0622554
32,5,5,16,0.0710049
32,5,5,17,0.0769725
32,5,5,18,0.077432
32,5,5,19,0.059783
32,5,5,20,0.0443923
32,5,5,21,0.0354458
32,5,5,22,0.031824
32,5,5,23,0.0249419
32,5,5,24,0.0179068
41,1,2,1,0.0214739
41,1,2,2,0.0144428
41,1,2,3,0.0109684
41,1,2,4,0.00749451
41,1,2,5,0.00683855
41,1,2,6,0.0103588
41,1,2,7,0.0184304
41,1,2,8,0.0268117
41,1,2,9,0.0363852
41,1,2,10,0.0475407
41,1,2,11,0.0574664
41,1,2,12,0.0650786
41,1,2,13,0.0713228
41,1,2,14,0.0714917
41,1,2,15,0.0717226
41,1,2,16,0.0720061
41,1,2,17,0.0711487
41,1,2,18,0.0678874
41,1,2,19,0.0617718
41,1,2,20,0.0516882
41,1,2,21,0.0428658
41,1,2,22,0.0380302
41,1,2,23,0.0322072
41,1,2,24,0.0245677
41,1,5,1,0.00986211
41,1,5,2,0.00627248
41,1,5,3,0.00505767
41,1,5,4,0.00466686
41,1,5,5,0.00699469
41,1,5,6,0.018494
41,1,5,7,0.0459565
41,1,5,8,0.0696444
41,1,5,9,0.0608279
41,1,5,10,0.0502862
41,1,5,11,0.0499351
41,1,5,12,0.0543654
41,1,5,13,0.0576462
41,1,5,14,0.0580319
41,1,5,15,0.0622554
41,1,5,16,0.0710049
41,1,5,17,0.0769725
41,1,5,18,0.077432
41,1,5,19,0.059783
41,1,5,20,0.0443923
41,1,5,21,0.0354458
41,1,5,22,0.031824
41,1,5,23,0.0249419
41,1,5,24,0.0179068
41,2,2,1,0.0164213
41,2,2,2,0.0111921
41,2,2,3,0.0085415
41,2,2,4,0.00679328
41,2,2,5,0.00721894
41,2,2,6,0.0107619
41,2,2,7,0.01768
41,2,2,8,0.0268751
41,2,2,9,0.0386587
41,2,2,10,0.0522389
41,2,2,11,0.0631739
41,2,2,12,0.0699435
41,2,2,13,0.0729332
41,2,2,14,0.0731218
41,2,2,15,0.0736159
41,2,2,16,0.0744608
41,2,2,17,0.0742165
41,2,2,18,0.0700091
41,2,2,19,0.0614038
41,2,2,20,0.0505043
41,2,2,21,0.0412072
41,2,2,22,0.0336373
41,2,2,23,0.0262243
41,2,2,24,0.0191666
41,2,5,1,0.0107741
41,2,5,2,0.00764376
41,2,5,3,0.00654641
41,2,5,4,0.00663486
41,2,5,5,0.00953999
41,2,5,6,0.0200551
41,2,5,7,0.0410295
41,2,5,8,0.0579722
41,2,5,9,0.0534711
41,2,5,10,0.0525478
41,2,5,11,0.0550607
41,2,5,12,0.0576741
41,2,5,13,0.0591429
41,2,5,14,0.0608019
41,2,5,15,0.0652985
41,2,5,16,0.0726082
41,2,5,17,0.0773817
41,2,5,18,0.0754816
41,2,5,19,0.0587059
41,2,5,20,0.0439864
41,2,5,21,0.0357309
41,2,5,22,0.0307428
41,2,5,23,0.0238521
41,2,5,24,0.0173177
41,3,2,1,0.0164213
41,3,2,2,0.0111921
41,3,2,3,0.0085415
41,3,2,4,0.00679328
41,3,2,5,0.00721894
41,3,2,6,0.0107619
41,3,2,7,0.01768
41,3,2,8,0.0268751
41,3,2,9,0.0386587
41,3,2,10,0.0522389
41,3,2,11,0.0631739
41,3,2,12,0.0699435
41,3,2,13,0.0729332
41,3,2,14,0.0731218
41,3,2,15,0.0736159
41,3,2,16,0.0744608
41,3,2,17,0.0742165
41,3,2,18,0.0700091
41,3,2,19,0.0614038
41,3,2,20,0.0505043
41,3,2,21,0.0412072
41,3,2,22,0.0336373
41,3,2,23,0.0262243
41,3,2,24,0.0191666
41,3,5,1,0.0107741
41,3,5,2,0.00764376
41,3,5,3,0.00654641
41,3,5,4,0.00663486
41,3,5,5,0.00953999
41,3,5,6,0.0200551
41,3,5,7,0.0410295
41,3,5,8,0.0579722
41,3,5,9,0.0534711
41,3,5,10,0.0525478
41,3,5,11,0.0550607
41,3,5,12,0.0576741
41,3,5,13,0.0591429
41,3,5,14,0.0608019
41,3,5,15,0.0652985
41,3,5,16,0.0726082
41,3,5,17,0.0773817
41,3,5,18,0.0754816
41,3,5,19,0.0587059
41,3,5,20,0.0439864
41,3,5,21,0.0357309
41,3,5,22,0.0307428
41,3,5,23,0.0238521
41,3,5,24,0.0173177
41,4,2,1,0.0214739
41,4,2,2,0.0144428
41,4,2,3,0.0109684
41,4,2,4,0.00749451
41,4,2,5,0.00683855
41,4,2,6,0.0103588
41,4,2,7,0.0184304
41,4,2,8,0.0268117
41,4,2,9,0.0363852
41,4,2,10,0.0475407
41,4,2,11,0.0574664
41,4,2,12,0.0650786
41,4,2,13,0.0713228
41,4,2,14,0.0714917
41,4,2,15,0.0717226
41,4,2,16,0.0720061
41,4,2,17,0.0711487
41,4,2,18,0.0678874
41,4,2,19,0.0617718
41,4,2,20,0.0516882
41,4,2,21,0.0428658
41,4,2,22,0.0380302
41,4,2,23,0.0322072
41,4,2,24,0.0245677
41,4,5,1,0.00986211
41,4,5,2,0.00627248
41,4,5,3,0.00505767
41,4,5,4,0.00466686
41,4,5,5,0.00699469
41,4,5,6,0.018494
41,4,5,7,0.0459565
41,4,5,8,0.0696444
41,4,5,9,0.0608279
41,4,5,10,0.0502862
41,4,5,11,0.0499351
41,4,5,12,0.0543654
41,4,5,13,0.0576462
41,4,5,14,0.0580319
41,4,5,15,0.0622554
41,4,5,16,0.0710049
41,4,5,17,0.0769725
41,4,5,18,0.077432
41,4,5,19,0.059783
41,4,5,20,0.0443923
41,4,5,21,0.0354458
41,4,5,22,0.031824
41,4,5,23,0.0249419
41,4,5,24,0.0179068
41,5,2,1,0.0214739
41,5,2,2,0.0144428
41,5,2,3,0.0109684
41,5,2,4,0.00749451
41,5,2,5,0.00683855
41,5,2,6,0.0103588
41,5,2,7,0.0184304
41,5,2,8,0.0268117
41,5,2,9,0.0363852
41,5,2,10,0.0475407
41,5,2,11,0.0574664
41,5,2,12,0.0650786
41,5,2,13,0.0713228
41,5,2,14,0.0714917
41,5,2,15,0.0717226
41,5,2,16,0.0720061
41,5,2,17,0.0711487
41,5,2,18,0.0678874
41,5,2,19,0.0617718
41,5,2,20,0.0516882
41,5,2,21,0.0428658
41,5,2,22,0.0380302
41,5,2,23,0.0322072
41,5,2,24,0.0245677
41,5,5,1,0.00986211
41,5,5,2,0.00627248
41,5,5,3,0.00505767
41,5,5,4,0.00466686
41,5,5,5,0.00699469
41,5,5,6,0.018494
41,5,5,7,0.0459565
41,5,5,8,0.0696444
41,5,5,9,0.0608279
41,5,5,10,0.0502862
41,5,5,11,0.0499351
41,5,5,12,0.0543654
41,5,5,13,0.0576462
41,5,5,14,0.0580319
41,5,5,15,0.0622554
41,5,5,16,0.0710049
41,5,5,17,0.0769725
41,5,5,18,0.077432
41,5,5,19,0.059783
41,5,5,20,0.0443923
41,5,5,21,0.0354458
41,5,5,22,0.031824
41,5,5,23,0.0249419
41,5,5,24,0.0179068
42,1,2,1,0.0214739
42,1,2,2,0.0144428
42,1,2,3,0.0109684
42,1,2,4,0.00749451
42,1,2,5,0.00683855
42,1,2,6,0.0103588
42,1,2,7,0.0184304
42,1,2,8,0.0268117
42,1,2,9,0.0363852
42,1,2,10,0.0475407
42,1,2,11,0.0574664
42,1,2,12,0.0650786
42,1,2,13,0.0713228
42,1,2,14,0.0714917
42,1,2,15,0.0717226
42,1,2,16,0.0720061
42,1,2,17,0.0711487
42,1,2,18,0.0678874
42,1,2,19,0.0617718
42,1,2,20,0.0516882
42,1,2,21,0.0428658
42,1,2,22,0.0380302
42,1,2,23,0.0322072
42,1,2,24,0.0245677
42,1,5,1,0.00986211
42,1,5,2,0.00627248
42,1,5,3,0.00505767
42,1,5,4,0.00466686
42,1,5,5,0.00699469
42,1,5,6,0.018494
42,1,5,7,0.0459565
42,1,5,8,0.0696444
42,1,5,9,0.0608279
42,1,5,10,0.0502862
42,1,5,11,0.0499351
42,1,5,12,0.0543654
42,1,5,13,0.0576462
42,1,5,14,0.0580319
42,1,5,15,0.0622554
42,1,5,16,0.0710049
42,1,5,17,0.0769725
42,1,5,18,0.077432
42,1,5,19,0.059783
42,1,5,20,0.0443923
42,1,5,21,0.0354458
42,1,5,22,0.031824
42,1,5,23,0.0249419
42,1,5,24,0.0179068
42,2,2,1,0.0164213
42,2,2,2,0.0111921
42,2,2,3,0.0085415
42,2,2,4,0.00679328
42,2,2,5,0.00721894
42,2,2,6,0.0107619
42,2,2,7,0.01768
42,2,2,8,0.0268751
42,2,2,9,0.0386587
42,2,2,10,0.0522389
42,2,2,11,0.0631739
42,2,2,12,0.0699435
42,2,2,13,0.0729332
42,2,2,14,0.0731218
42,2,2,15,0.0736159
42,2,2,16,0.0744608
42,2,2,17,0.0742165
42,2,2,18,0.0700091
42,2,2,19,0.0614038
42,2,2,20,0.0505043
42,2,2,21,0.0412072
42,2,2,22,0.0336373
42,2,2,23,0.0262243
42,2,2,24,0.0191666
42,2,5,1,0.0107741
42,2,5,2,0.00764376
42,2,5,3,0.00654641
42,2,5,4,0.00663486
42,2,5,5,0.00953999
42,2,5,6,0.0200551
42,2,5,7,0.0410295
42,2,5,8,0.0579722
42,2,5,9,0.0534711
42,2,5,10,0.0525478
42,2,5,11,0.0550607
42,2,5,12,0.0576741
42,2,5,13,0.0591429
42,2,5,14,0.0608019
42,2,5,15,0.0652985
42,2,5,16,0.0726082
42,2,5,17,0.0773817
42,2,5,18,0.0754816
42,2,5,19,0.0587059
42,2,5,20,0.0439864
42,2,5,21,0.0357309
42,2,5,22,0.0307428
42,2,5,23,0.0238521
42,2,5,24,0.0173177
42,3,2,1,0.0164213
42,3,2,2,0.0111921
42,3,2,3,0.0085415
42,3,2,4,0.00679328
42,3,2,5,0.00721894
42,3,2,6,0.0107619
42,3,2,7,0.01768
42,3,2,8,0.0268751
42,3,2,9,0.0386587
42,3,2,10,0.0522389
42,3,2,11,0.0631739
42,3,2,12,0.0699435
42,3,2,13,0.0729332
42,3,2,14,0.0731218
42,3,2,15,0.0736159
42,3,2,16,0.0744608
42,3,2,17,0.0742165
42,3,2,18,0.0700091
42,3,2,19,0.0614038
42,3,2,20,0.0505043
42,3,2,21,0.0412072
42,3,2,22,0.0336373
42,3,2,23,0.0262243
42,3,2,24,0.0191666
42,3,5,1,0.0107741
42,3,5,2,0.00764376
42,3,5,3,0.00654641
42,3,5,4,0.00663486
42,3,5,5,0.00953999
42,3,5,6,0.0200551
42,3,5,7,0.0410295
42,3,5,8,0.0579722
42,3,5,9,0.0534711
42,3,5,10,0.0525478
42,3,5,11,0.0550607
42,3,5,12,0.0576741
42,3,5,13,0.0591429
42,3,5,14,0.0608019
42,3,5,15,0.0652985
42,3,5,16,0.0726082
42,3,5,17,0.0773817
42,3,5,18,0.0754816
42,3,5,19,0.0587059
42,3,5,20,0.0439864
42,3,5,21,0.0357309
42,3,5,22,0.0307428
42,3,5,23,0.0238521
42,3,5,24,0.0173177
42,4,2,1,0.0214739
42,4,2,2,0.0144428
42,4,2,3,0.0109684
42,4,2,4,0.00749451
42,4,2,5,0.00683855
42,4,2,6,0.0103588
42,4,2,7,0.0184304
42,4,2,8,0.0268117
42,4,2,9,0.0363852
42,4,2,10,0.0475407
42,4,2,11,0.0574664
42,4,2,12,0.0650786
42,4,2,13,0.0713228
42,4,2,14,0.0714917
42,4,2,15,0.0717226
42,4,2,16,0.0720061
42,4,2,17,0.0711487
42,4,2,18,0.0678874
42,4,2,19,0.0617718
42,4,2,20,0.0516882
42,4,2,21,0.0428658
42,4,2,22,0.0380302
42,4,2,23,0.0322072
42,4,2,24,0.0245677
42,4,5,1,0.00986211
42,4,5,2,0.00627248
42,4,5,3,0.00505767
42,4,5,4,0.00466686
42,4,5,5,0.00699469
42,4,5,6,0.018494
42,4,5,7,0.0459565
42,4,5,8,0.0696444
42,4,5,9,0.0608279
42,4,5,10,0.0502862
42,4,5,11,0.0499351
42,4,5,12,0.0543654
42,4,5,13,0.0576462
42,4,5,14,0.0580319
42,4,5,15,0.0622554
42,4,5,16,0.0710049
42,4,5,17,0.0769725
42,4,5,18,0.077432
42,4,5,19,0.059783
42,4,5,20,0.0443923
42,4,5,21,0.0354458
42,4,5,22,0.031824
42,4,5,23,0.0249419
42,4,5,24,0.0179068
42,5,2,1,0.0214739
42,5,2,2,0.0144428
42,5,2,3,0.0109684
42,5,2,4,0.00749451
42,5,2,5,0.00683855
42,5,2,6,0.0103588
42,5,2,7,0.0184304
42,5,2,8,0.0268117
42,5,2,9,0.0363852
42,5,2,10,0.0475407
42,5,2,11,0.0574664
42,5,2,12,0.0650786
42,5,2,13,0.0713228
42,5,2,14,0.0714917
42,5,2,15,0.0717226
42,5,2,16,0.0720061
42,5,2,17,0.0711487
42,5,2,18,0.0678874
42,5,2,19,0.0617718
42,5,2,20,0.0516882
42,5,2,21,0.0428658
42,5,2,22,0.0380302
42,5,2,23,0.0322072
42,5,2,24,0.0245677
42,5,5,1,0.00986211
42,5,5,2,0.00627248
42,5,5,3,0.00505767
42,5,5,4,0.00466686
42,5,5,5,0.00699469
42,5,5,6,0.018494
42,5,5,7,0.0459565
42,5,5,8,0.0696444
42,5,5,9,0.0608279
42,5,5,10,0.0502862
42,5,5,11,0.0499351
42,5,5,12,0.0543654
42,5,5,13,0.0576462
42,5,5,14,0.0580319
42,5,5,15,0.0622554
42,5,5,16,0.0710049
42,5,5,17,0.0769725
42,5,5,18,0.077432
42,5,5,19,0.059783
42,5,5,20,0.0443923
42,5,5,21,0.0354458
42,5,5,22,0.031824
42,5,5,23,0.0249419
42,5,5,24,0.0179068
43,1,2,1,0.0214739
43,1,2,2,0.0144428
43,1,2,3,0.0109684
43,1,2,4,0.00749451
43,1,2,5,0.00683855
43,1,2,6,0.0103588
43,1,2,7,0.0184304
43,1,2,8,0.0268117
43,1,2,9,0.0363852
43,1,2,10,0.0475407
43,1,2,11,0.0574664
43,1,2,12,0.0650786
43,1,2,13,0.0713228
43,1,2,14,0.0714917
43,1,2,15,0.0717226
43,1,2,16,0.0720061
43,1,2,17,0.0711487
43,1,2,18,0.0678874
43,1,2,19,0.0617718
43,1,2,20,0.0516882
43,1,2,21,0.0428658
43,1,2,22,0.0380302
43,1,2,23,0.0322072
43,1,2,24,0.0245677
43,1,5,1,0.00986211
43,1,5,2,0.00627248
43,1,5,3,0.00505767
43,1,5,4,0.00466686
43,1,5,5,0.00699469
43,1,5,6,0.018494
43,1,5,7,0.0459565
43,1,5,8,0.0696444
43,1,5,9,0.0608279
43,1,5,10,0.0502862
43,1,5,11,0.0499351
43,1,5,12,0.0543654
43,1,5,13,0.0576462
43,1,5,14,0.0580319
43,1,5,15,0.0622554
43,1,5,16,0.0710049
43,1,5,17,0.0769725
43,1,5,18,0.077432
43,1,5,19,0.059783
43,1,5,20,0.0443923
43,1,5,21,0.0354458
43,1,5,22,0.031824
43,1,5,23,0.0249419
43,1,5,24,0.0179068
43,2,2,1,0.0164213
43,2,2,2,0.0111921
43,2,2,3,0.0085415
43,2,2,4,0.00679328
43,2,2,5,0.00721894
43,2,2,6,0.0107619
43,2,2,7,0.01768
43,2,2,8,0.0268751
43,2,2,9,0.0386587
43,2,2,10,0.0522389
43,2,2,11,0.0631739
43,2,2,12,0.0699435
43,2,2,13,0.0729332
43,2,2,14,0.0731218
43,2,2,15,0.0736159
43,2,2,16,0.0744608
43,2,2,17,0.0742165
43,2,2,18,0.0700091
43,2,2,19,0.0614038
43,2,2,20,0.0505043
43,2,2,21,0.0412072
43,2,2,22,0.0336373
43,2,2,23,0.0262243
43,2,2,24,0.0191666
43,2,5,1,0.0107741
43,2,5,2,0.00764376
43,2,5,3,0.00654641
43,2,5,4,0.00663486
43,2,5,5,0.00953999
43,2,5,6,0.0200551
43,2,5,7,0.0410295
43,2,5,8,0.0579722
43,2,5,9,0.0534711
43,2,5,10,0.0525478
43,2,5,11,0.0550607
43,2,5,12,0.0576741
43,2,5,13,0.0591429
43,2,5,14,0.0608019
43,2,5,15,0.0652985
43,2,5,16,0.0726082
43,2,5,17,0.0773817
43,2,5,18,0.0754816
43,2,5,19,0.0587059
43,2,5,20,0.0439864
43,2,5,21,0.0357309
43,2,5,22,0.0307428
43,2,5,23,0.0238521
43,2,5,24,0.0173177
43,3,2,1,0.0164213
43,3,2,2,0.0111921
43,3,2,3,0.0085415
43,3,2,4,0.00679328
43,3,2,5,0.00721894
43,3,2,6,0.0107619
43,3,2,7,0.01768
43,3,2,8,0.0268751
43,3,2,9,0.0386587
43,3,2,10,0.0522389
43,3,2,11,0.0631739
43,3,2,12,0.0699435
43,3,2,13,0.0729332
43,3,2,14,0.0731218
43,3,2,15,0.0736159
43,3,2,16,0.0744608
43,3,2,17,0.0742165
43,3,2,18,0.0700091
43,3,2,19,0.0614038
43,3,2,20,0.0505043
43,3,2,21,0.0412072
43,3,2,22,0.0336373
43,3,2,23,0.0262243
43,3,2,24,0.0191666
43,3,5,1,0.0107741
43,3,5,2,0.00764376
43,3,5,3,0.00654641
43,3,5,4,0.00663486
43,3,5,5,0.00953999
43,3,5,6,0.0200551
43,3,5,7,0.0410295
43,3,5,8,0.0579722
43,3,5,9,0.0534711
43,3,5,10,0.0525478
43,3,5,11,0.0550607
43,3,5,12,0.0576741
43,3,5,13,0.0591429
43,3,5,14,0.0608019
43,3,5,15,0.0652985
43,3,5,16,0.0726082
43,3,5,17,0.0773817
43,3,5,18,0.0754816
43,3,5,19,0.0587059
43,3,5,20,0.0439864
43,3,5,21,0.0357309
43,3,5,22,0.0307428
43,3,5,23,0.0238521
43,3,5,24,0.0173177
43,4,2,1,0.0214739
43,4,2,2,0.0144428
43,4,2,3,0.0109684
43,4,2,4,0.00749451
43,4,2,5,0.00683855
43,4,2,6,0.0103588
43,4,2,7,0.0184304
43,4,2,8,0.0268117
43,4,2,9,0.0363852
43,4,2,10,0.0475407
43,4,2,11,0.0574664
43,4,2,12,0.0650786
43,4,2,13,0.0713228
43,4,2,14,0.0714917
43,4,2,15,0.0717226
43,4,2,16,0.0720061
43,4,2,17,0.0711487
43,4,2,18,0.0678874
43,4,2,19,0.0617718
43,4,2,20,0.0516882
43,4,2,21,0.0428658
43,4,2,22,0.0380302
43,4,2,23,0.0322072
43,4,2,24,0.0245677
43,4,5,1,0.00986211
43,4,5,2,0.00627248
43,4,5,3,0.00505767
43,4,5,4,0.00466686
43,4,5,5,0.00699469
43,4,5,6,0.018494
43,4,5,7,0.0459565
43,4,5,8,0.0696444
43,4,5,9,0.0608279
43,4,5,10,0.0502862
43,4,5,11,0.0499351
43,4,5,12,0.0543654
43,4,5,13,0.0576462
43,4,5,14,0.0580319
43,4,5,15,0.0622554
43,4,5,16,0.0710049
43,4,5,17,0.0769725
43,4,5,18,0.077432
43,4,5,19,0.059783
43,4,5,20,0.0443923
43,4,5,21,0.0354458
43,4,5,22,0.031824
43,4,5,23,0.0249419
43,4,5,24,0.0179068
43,5,2,1,0.0214739
43,5,2,2,0.0144428
43,5,2,3,0.0109684
43,5,2,4,0.00749451
43,5,2,5,0.00683855
43,5,2,6,0.0103588
43,5,2,7,0.0184304
43,5,2,8,0.0268117
43,5,2,9,0.0363852
43,5,2,10,0.0475407
43,5,2,11,0.0574664
43,5,2,12,0.0650786
43,5,2,13,0.0713228
43,5,2,14,0.0714917
43,5,2,15,0.0717226
43,5,2,16,0.0720061
43,5,2,17,0.0711487
43,5,2,18,0.0678874
43,5,2,19,0.0617718
43,5,2,20,0.0516882
43,5,2,21,0.0428658
43,5,2,22,0.0380302
43,5,2,23,0.0322072
43,5,2,24,0.0245677
43,5,5,1,0.00986211
43,5,5,2,0.00627248
43,5,5,3,0.00505767
43,5,5,4,0.00466686
43,5,5,5,0.00699469
43,5,5,6,0.018494
43,5,5,7,0.0459565
43,5,5,8,0.0696444
43,5,5,9,0.0608279
43,5,5,10,0.0502862
43,5,5,11,0.0499351
43,5,5,12,0.0543654
43,5,5,13,0.0576462
43,5,5,14,0.0580319
43,5,5,15,0.0622554
43,5,5,16,0.0710049
43,5,5,17,0.0769725
43,5,5,18,0.077432
43,5,5,19,0.059783
43,5,5,20,0.0443923
43,5,5,21,0.0354458
43,5,5,22,0.031824
43,5,5,23,0.0249419
43,5,5,24,0.0179068
51,1,2,1,0.0214739
51,1,2,2,0.0144428
51,1,2,3,0.0109684
51,1,2,4,0.00749451
51,1,2,5,0.00683855
51,1,2,6,0.0103588
51,1,2,7,0.0184304
51,1,2,8,0.0268117
51,1,2,9,0.0363852
51,1,2,10,0.0475407
51,1,2,11,0.0574664
51,1,2,12,0.0650786
51,1,2,13,0.0713228
51,1,2,14,0.0714917
51,1,2,15,0.0717226
51,1,2,16,0.0720061
51,1,2,17,0.0711487
51,1,2,18,0.0678874
51,1,2,19,0.0617718
51,1,2,20,0.0516882
51,1,2,21,0.0428658
51,1,2,22,0.0380302
51,1,2,23,0.0322072
51,1,2,24,0.0245677
51,1,5,1,0.00986211
51,1,5,2,0.00627248
51,1,5,3,0.00505767
51,1,5,4,0.00466686
51,1,5,5,0.00699469
51,1,5,6,0.018494
51,1,5,7,0.0459565
51,1,5,8,0.0696444
51,1,5,9,0.0608279
51,1,5,10,0.0502862
51,1,5,11,0.0499351
51,1,5,12,0.0543654
51,1,5,13,0.0576462
51,1,5,14,0.0580319
51,1,5,15,0.0622554
51,1,5,16,0.0710049
51,1,5,17,0.0769725
51,1,5,18,0.077432
51,1,5,19,0.059783
51,1,5,20,0.0443923
51,1,5,21,0.0354458
51,1,5,22,0.031824
51,1,5,23,0.0249419
51,1,5,24,0.0179068
51,2,2,1,0.0164213
51,2,2,2,0.0111921
51,2,2,3,0.0085415
51,2,2,4,0.00679328
51,2,2,5,0.00721894
51,2,2,6,0.0107619
51,2,2,7,0.01768
51,2,2,8,0.0268751
51,2,2,9,0.0386587
51,2,2,10,0.0522389
51,2,2,11,0.0631739
51,2,2,12,0.0699435
51,2,2,13,0.0729332
51,2,2,14,0.0731218
51,2,2,15,0.0736159
51,2,2,16,0.0744608
51,2,2,17,0.0742165
51,2,2,18,0.0700091
51,2,2,19,0.0614038
51,2,2,20,0.0505043
51,2,2,21,0.0412072
51,2,2,22,0.0336373
51,2,2,23,0.0262243
51,2,2,24,0.0191666
51,2,5,1,0.0107741
51,2,5,2,0.00764376
51,2,5,3,0.00654641
51,2,5,4,0.00663486
51,2,5,5,0.00953999
51,2,5,6,0.0200551
51,2,5,7,0.0410295
51,2,5,8,0.0579722
51,2,5,9,0.0534711
51,2,5,10,0.0525478
51,2,5,11,0.0550607
51,2,5,12,0.0576741
51,2,5,13,0.0591429
51,2,5,14,0.0608019
51,2,5,15,0.0652985
51,2,5,16,0.0726082
51,2,5,17,0.0773817
51,2,5,18,0.0754816
51,2,5,19,0.0587059
51,2,5,20,0.0439864
51,2,5,21,0.0357309
51,2,5,22,0.0307428
51,2,5,23,0.0238521
51,2,5,24,0.0173177
51,3,2,1,0.0164213
51,3,2,2,0.0111921
51,3,2,3,0.0085415
51,3,2,4,0.00679328
51,3,2,5,0.00721894
51,3,2,6,0.0107619
51,3,2,7,0.01768
51,3,2,8,0.0268751
51,3,2,9,0.0386587
51,3,2,10,0.0522389
51,3,2,11,0.0631739
51,3,2,12,0.0699435
51,3,2,13,0.0729332
51,3,2,14,0.0731218
51,3,2,15,0.0736159
51,3,2,16,0.0744608
51,3,2,17,0.0742165
51,3,2,18,0.0700091
51,3,2,19,0.0614038
51,3,2,20,0.0505043
51,3,2,21,0.0412072
51,3,2,22,0.0336373
51,3,2,23,0.0262243
51,3,2,24,0.0191666
51,3,5,1,0.0107741
51,3,5,2,0.00764376
51,3,5,3,0.00654641
51,3,5,4,0.00663486
51,3,5,5,0.00953999
51,3,5,6,0.0200551
51,3,5,7,0.0410295
51,3,5,8,0.0579722
51,3,5,9,0.0534711
51,3,5,10,0.0525478
51,3,5,11,0.0550607
51,3,5,12,0.0576741
51,3,5,13,0.0591429
51,3,5,14,0.0608019
51,3,5,15,0.0652985
51,3,5,16,0.0726082
51,3,5,17,0.0773817
51,3,5,18,0.0754816
51,3,5,19,0.0587059
51,3,5,20,0.0439864
51,3,5,21,0.0357309
51,3,5,22,0.0307428
51,3,5,23,0.0238521
51,3,5,24,0.0173177
51,4,2,1,0.0214739
51,4,2,2,0.0144428
51,4,2,3,0.0109684
51,4,2,4,0.00749451
51,4,2,5,0.00683855
51,4,2,6,0.0103588
51,4,2,7,0.0184304
51,4,2,8,0.0268117
51,4,2,9,0.0363852
51,4,2,10,0.0475407
51,4,2,11,0.0574664
51,4,2,12,0.0650786
51,4,2,13,0.0713228
51,4,2,14,0.0714917
51,4,2,15,0.0717226
51,4,2,16,0.0720061
51,4,2,17,0.0711487
51,4,2,18,0.0678874
51,4,2,19,0.0617718
51,4,2,20,0.0516882
51,4,2,21,0.0428658
51,4,2,22,0.0380302
51,4,2,23,0.0322072
51,4,2,24,0.0245677
51,4,5,1,0.00986211
51,4,5,2,0.00627248
51,4,5,3,0.00505767
51,4,5,4,0.00466686
51,4,5,5,0.00699469
51,4,5,6,0.018494
51,4,5,7,0.0459565
51,4,5,8,0.0696444
51,4,5,9,0.0608279
51,4,5,10,0.0502862
51,4,5,11,0.0499351
51,4,5,12,0.0543654
51,4,5,13,0.0576462
51,4,5,14,0.0580319
51,4,5,15,0.0622554
51,4,5,16,0.0710049
51,4,5,17,0.0769725
51,4,5,18,0.077432
51,4,5,19,0.059783
51,4,5,20,0.0443923
51,4,5,21,0.0354458
51,4,5,22,0.031824
51,4,5,23,0.0249419
51,4,5,24,0.0179068
51,5,2,1,0.0214739
51,5,2,2,0.0144428
51,5,2,3,0.0109684
51,5,2,4,0.00749451
51,5,2,5,0.00683855
51,5,2,6,0.0103588
51,5,2,7,0.0184304
51,5,2,8,0.0268117
51,5,2,9,0.0363852
51,5,2,10,0.0475407
51,5,2,11,0.0574664
51,5,2,12,0.0650786
51,5,2,13,0.0713228
51,5,2,14,0.0714917
51,5,2,15,0.0717226
51,5,2,16,0.0720061
51,5,2,17,0.0711487
51,5,2,18,0.0678874
51,5,2,19,0.0617718
51,5,2,20,0.0516882
51,5,2,21,0.0428658
51,5,2,22,0.0380302
51,5,2,23,0.0322072
51,5,2,24,0.0245677
51,5,5,1,0.00986211
51,5,5,2,0.00627248
51,5,5,3,0.00505767
51,5,5,4,0.00466686
51,5,5,5,0.00699469
51,5,5,6,0.018494
51,5,5,7,0.0459565
51,5,5,8,0.0696444
51,5,5,9,0.0608279
51,5,5,10,0.0502862
51,5,5,11,0.0499351
51,5,5,12,0.0543654
51,5,5,13,0.0576462
51,5,5,14,0.0580319
51,5,5,15,0.0622554
51,5,5,16,0.0710049
51,5,5,17,0.0769725
51,5,5,18,0.077432
51,5,5,19,0.059783
51,5,5,20,0.0443923
51,5,5,21,0.0354458
51,5,5,22,0.031824
51,5,5,23,0.0249419
51,5,5,24,0.0179068
52,1,2,1,0.0214739
52,1,2,2,0.0144428
52,1,2,3,0.0109684
52,1,2,4,0.00749451
52,1,2,5,0.00683855
52,1,2,6,0.0103588
52,1,2,7,0.0184304
52,1,2,8,0.0268117
52,1,2,9,0.0363852
52,1,2,10,0.0475407
52,1,2,11,0.0574664
52,1,2,12,0.0650786
52,1,2,13,0.0713228
52,1,2,14,0.0714917
52,1,2,15,0.0717226
52,1,2,16,0.0720061
52,1,2,17,0.0711487
52,1,2,18,0.0678874
52,1,2,19,0.0617718
52,1,2,20,0.0516882
52,1,2,21,0.0428658
52,1,2,22,0.0380302
52,1,2,23,0.0322072
52,1,2,24,0.0245677
52,1,5,1,0.00986211
52,1,5,2,0.00627248
52,1,5,3,0.00505767
52,1,5,4,0.00466686
52,1,5,5,0.00699469
52,1,5,6,0.018494
52,1,5,7,0.0459565
52,1,5,8,0.0696444
52,1,5,9,0.0608279
52,1,5,10,0.0502862
52,1,5,11,0.0499351
52,1,5,12,0.0543654
52,1,5,13,0.0576462
52,1,5,14,0.0580319
52,1,5,15,0.0622554
52,1,5,16,0.0710049
52,1,5,17,0.0769725
52,1,5,18,0.077432
52,1,5,19,0.059783
52,1,5,20,0.0443923
52,1,5,21,0.0354458
52,1,5,22,0.031824
52,1,5,23,0.0249419
52,1,5,24,0.0179068
52,2,2,1,0.0164213
52,2,2,2,0.0111921
52,2,2,3,0.0085415
52,2,2,4,0.00679328
52,2,2,5,0.00721894
52,2,2,6,0.0107619
52,2,2,7,0.01768
52,2,2,8,0.0268751
52,2,2,9,0.0386587
52,2,2,10,0.0522389
52,2,2,11,0.0631739
52,2,2,12,0.0699435
52,2,2,13,0.0729332
52,2,2,14,0.0731218
52,2,2,15,0.0736159
52,2,2,16,0.0744608
52,2,2,17,0.0742165
52,2,2,18,0.0700091
52,2,2,19,0.0614038
52,2,2,20,0.0505043
52,2,2,21,0.0412072
52,2,2,22,0.0336373
52,2,2,23,0.0262243
52,2,2,24,0.0191666
52,2,5,1,0.0107741
52,2,5,2,0.00764376
52,2,5,3,0.00654641
52,2,5,4,0.00663486
52,2,5,5,0.00953999
52,2,5,6,0.0200551
52,2,5,7,0.0410295
52,2,5,8,0.0579722
52,2,5,9,0.0534711
52,2,5,10,0.0525478
52,2,5,11,0.0550607
52,2,5,12,0.0576741
52,2,5,13,0.0591429
52,2,5,14,0.0608019
52,2,5,15,0.0652985
52,2,5,16,0.0726082
52,2,5,17,0.0773817
52,2,5,18,0.0754816
52,2,5,19,0.0587059
52,2,5,20,0.0439864
52,2,5,21,0.0357309
52,2,5,22,0.0307428
52,2,5,23,0.0238521
52,2,5,24,0.0173177
52,3,2,1,0.0164213
52,3,2,2,0.0111921
52,3,2,3,0.0085415
52,3,2,4,0.00679328
52,3,2,5,0.00721894
52,3,2,6,0.0107619
52,3,2,7,0.01768
52,3,2,8,0.0268751
52,3,2,9,0.0386587
52,3,2,10,0.0522389
52,3,2,11,0.0631739
52,3,2,12,0.0699435
52,3,2,13,0.0729332
52,3,2,14,0.0731218
52,3,2,15,0.0736159
52,3,2,16,0.0744608
52,3,2,17,0.0742165
52,3,2,18,0.0700091
52,3,2,19,0.0614038
52,3,2,20,0.0505043
52,3,2,21,0.0412072
52,3,2,22,0.0336373
52,3,2,23,0.0262243
52,3,2,24,0.0191666
52,3,5,1,0.0107741
52,3,5,2,0.00764376
52,3,5,3,0.00654641
52,3,5,4,0.00663486
52,3,5,5,0.00953999
52,3,5,6,0.0200551
52,3,5,7,0.0410295
52,3,5,8,0.0579722
52,3,5,9,0.0534711
52,3,5,10,0.0525478
52,3,5,11,0.0550607
52,3,5,12,0.0576741
52,3,5,13,0.0591429
52,3,5,14,0.0608019
52,3,5,15,0.0652985
52,3,5,16,0.0726082
52,3,5,17,0.0773817
52,3,5,18,0.0754816
52,3,5,19,0.0587059
52,3,5,20,0.0439864
52,3,5,21,0.0357309
52,3,5,22,0.0307428
52,3,5,23,0.0238521
52,3,5,24,0.0173177
52,4,2,1,0.0214739
52,4,2,2,0.0144428
52,4,2,3,0.0109684
52,4,2,4,0.00749451
52,4,2,5,0.00683855
52,4,2,6,0.0103588
52,4,2,7,0.0184304
52,4,2,8,0.0268117
52,4,2,9,0.0363852
52,4,2,10,0.0475407
52,4,2,11,0.0574664
52,4,2,12,0.0650786
52,4,2,13,0.0713228
52,4,2,14,0.0714917
52,4,2,15,0.0717226
52,4,2,16,0.0720061
52,4,2,17,0.0711487
52,4,2,18,0.0678874
52,4,2,19,0.0617718
52,4,2,20,0.0516882
52,4,2,21,0.0428658
52,4,2,22,0.0380302
52,4,2,23,0.0322072
52,4,2,24,0.0245677
52,4,5,1,0.00986211
52,4,5,2,0.00627248
52,4,5,3,0.00505767
52,4,5,4,0.00466686
52,4,5,5,0.00699469
52,4,5,6,0.018494
52,4,5,7,0.0459565
52,4,5,8,0.0696444
52,4,5,9,0.0608279
52,4,5,10,0.0502862
52,4,5,11,0.0499351
52,4,5,12,0.0543654
52,4,5,13,0.0576462
52,4,5,14,0.0580319
52,4,5,15,0.0622554
52,4,5,16,0.0710049
52,4,5,17,0.0769725
52,4,5,18,0.077432
52,4,5,19,0.059783
52,4,5,20,0.0443923
52,4,5,21,0.0354458
52,4,5,22,0.031824
52,4,5,23,0.0249419
52,4,5,24,0.0179068
52,5,2,1,0.0214739
52,5,2,2,0.0144428
52,5,2,3,0.0109684
52,5,2,4,0.00749451
52,5,2,5,0.00683855
52,5,2,6,0.0103588
52,5,2,7,0.0184304
52,5,2,8,0.0268117
52,5,2,9,0.0363852
52,5,2,10,0.0475407
52,5,2,11,0.0574664
52,5,2,12,0.0650786
52,5,2,13,0.0713228
52,5,2,14,0.0714917
52,5,2,15,0.0717226
52,5,2,16,0.0720061
52,5,2,17,0.0711487
52,5,2,18,0.0678874
52,5,2,19,0.0617718
52,5,2,20,0.0516882
52,5,2,21,0.0428658
52,5,2,22,0.0380302
52,5,2,23,0.0322072
52,5,2,24,0.0245677
52,5,5,1,0.00986211
52,5,5,2,0.00627248
52,5,5,3,0.00505767
52,5,5,4,0.00466686
52,5,5,5,0.00699469
52,5,5,6,0.018494
52,5,5,7,0.0459565
52,5,5,8,0.0696444
52,5,5,9,0.0608279
52,5,5,10,0.0502862
52,5,5,11,0.0499351
52,5,5,12,0.0543654
52,5,5,13,0.0576462
52,5,5,14,0.0580319
52,5,5,15,0.0622554
52,5,5,16,0.0710049
52,5,5,17,0.0769725
52,5,5,18,0.077432
52,5,5,19,0.059783
52,5,5,20,0.0443923
52,5,5,21,0.0354458
52,5,5,22,0.031824
52,5,5,23,0.0249419
52,5,5,24,0.0179068
53,1,2,1,0.0214739
53,1,2,2,0.0144428
53,1,2,3,0.0109684
53,1,2,4,0.00749451
53,1,2,5,0.00683855
53,1,2,6,0.0103588
53,1,2,7,0.0184304
53,1,2,8,0.0268117
53,1,2,9,0.0363852
53,1,2,10,0.0475407
53,1,2,11,0.0574664
53,1,2,12,0.0650786
53,1,2,13,0.0713228
53,1,2,14,0.0714917
53,1,2,15,0.0717226
53,1,2,16,0.0720061
53,1,2,17,0.0711487
53,1,2,18,0.0678874
53,1,2,19,0.0617718
53,1,2,20,0.0516882
53,1,2,21,0.0428658
53,1,2,22,0.0380302
53,1,2,23,0.0322072
53,1,2,24,0.0245677
53,1,5,1,0.00986211
53,1,5,2,0.00627248
53,1,5,3,0.00505767
53,1,5,4,0.00466686
53,1,5,5,0.00699469
53,1,5,6,0.018494
53,1,5,7,0.0459565
53,1,5,8,0.0696444
53,1,5,9,0.0608279
53,1,5,10,0.0502862
53,1,5,11,0.0499351
53,1,5,12,0.0543654
53,1,5,13,0.0576462
53,1,5,14,0.0580319
53,1,5,15,0.0622554
53,1,5,16,0.0710049
53,1,5,17,0.0769725
53,1,5,18,0.077432
53,1,5,19,0.059783
53,1,5,20,0.0443923
53,1,5,21,0.0354458
53,1,5,22,0.031824
53,1,5,23,0.0249419
53,1,5,24,0.0179068
53,2,2,1,0.0164213
53,2,2,2,0.0111921
53,2,2,3,0.0085415
53,2,2,4,0.00679328
53,2,2,5,0.00721894
53,2,2,6,0.0107619
53,2,2,7,0.01768
53,2,2,8,0.0268751
53,2,2,9,0.0386587
53,2,2,10,0.0522389
53,2,2,11,0.0631739
53,2,2,12,0.0699435
53,2,2,13,0.0729332
53,2,2,14,0.0731218
53,2,2,15,0.0736159
53,2,2,16,0.0744608
53,2,2,17,0.0742165
53,2,2,18,0.0700091
53,2,2,19,0.0614038
53,2,2,20,0.0505043
53,2,2,21,0.0412072
53,2,2,22,0.0336373
53,2,2,23,0.0262243
53,2,2,24,0.0191666
53,2,5,1,0.0107741
53,2,5,2,0.00764376
53,2,5,3,0.00654641
53,2,5,4,0.00663486
53,2,5,5,0.00953999
53,2,5,6,0.0200551
53,2,5,7,0.0410295
53,2,5,8,0.0579722
53,2,5,9,0.0534711
53,2,5,10,0.0525478
53,2,5,11,0.0550607
53,2,5,12,0.0576741
53,2,5,13,0.0591429
53,2,5,14,0.0608019
53,2,5,15,0.0652985
53,2,5,16,0.0726082
53,2,5,17,0.0773817
53,2,5,18,0.0754816
53,2,5,19,0.0587059
53,2,5,20,0.0439864
53,2,5,21,0.0357309
53,2,5,22,0.0307428
53,2,5,23,0.0238521
53,2,5,24,0.0173177
53,3,2,1,0.0164213
53,3,2,2,0.0111921
53,3,2,3,0.0085415
53,3,2,4,0.00679328
53,3,2,5,0.00721894
53,3,2,6,0.0107619
53,3,2,7,0.01768
53,3,2,8,0.0268751
53,3,2,9,0.0386587
53,3,2,10,0.0522389
53,3,2,11,0.0631739
53,3,2,12,0.0699435
53,3,2,13,0.0729332
53,3,2,14,0.0731218
53,3,2,15,0.0736159
53,3,2,16,0.0744608
53,3,2,17,0.0742165
53,3,2,18,0.0700091
53,3,2,19,0.0614038
53,3,2,20,0.0505043
53,3,2,21,0.0412072
53,3,2,22,0.0336373
53,3,2,23,0.0262243
53,3,2,24,0.0191666
53,3,5,1,0.0107741
53,3,5,2,0.00764376
53,3,5,3,0.00654641
53,3,5,4,0.00663486
53,3,5,5,0.00953999
53,3,5,6,0.0200551
53,3,5,7,0.0410295
53,3,5,8,0.0579722
53,3,5,9,0.0534711
53,3,5,10,0.0525478
53,3,5,11,0.0550607
53,3,5,12,0.0576741
53,3,5,13,0.0591429
53,3,5,14,0.0608019
53,3,5,15,0.0652985
53,3,5,16,0.0726082
53,3,5,17,0.0773817
53,3,5,18,0.0754816
53,3,5,19,0.0587059
53,3,5,20,0.0439864
53,3,5,21,0.0357309
53,3,5,22,0.0307428
53,3,5,23,0.0238521
53,3,5,24,0.0173177
53,4,2,1,0.0214739
53,4,2,2,0.0144428
53,4,2,3,0.0109684
53,4,2,4,0.00749451
53,4,2,5,0.00683855
53,4,2,6,0.0103588
53,4,2,7,0.0184304
53,4,2,8,0.0268117
53,4,2,9,0.0363852
53,4,2,10,0.0475407
53,4,2,11,0.0574664
53,4,2,12,0.0650786
53,4,2,13,0.0713228
53,4,2,14,0.0714917
53,4,2,15,0.0717226
53,4,2,16,0.0720061
53,4,2,17,0.0711487
53,4,2,18,0.0678874
53,4,2,19,0.0617718
53,4,2,20,0.0516882
53,4,2,21,0.0428658
53,4,2,22,0.0380302
53,4,2,23,0.0322072
53,4,2,24,0.0245677
53,4,5,1,0.00986211
53,4,5,2,0.00627248
53,4,5,3,0.00505767
53,4,5,4,0.00466686
53,4,5,5,0.00699469
53,4,5,6,0.018494
53,4,5,7,0.0459565
53,4,5,8,0.0696444
53,4,5,9,0.0608279
53,4,5,10,0.0502862
53,4,5,11,0.0499351
53,4,5,12,0.0543654
53,4,5,13,0.0576462
53,4,5,14,0.0580319
53,4,5,15,0.0622554
53,4,5,16,0.0710049
53,4,5,17,0.0769725
53,4,5,18,0.077432
53,4,5,19,0.059783
53,4,5,20,0.0443923
53,4,5,21,0.0354458
53,4,5,22,0.031824
53,4,5,23,0.0249419
53,4,5,24,0.0179068
53,5,2,1,0.0214739
53,5,2,2,0.0144428
53,5,2,3,0.0109684
53,5,2,4,0.00749451
53,5,2,5,0.00683855
53,5,2,6,0.0103588
53,5,2,7,0.0184304
53,5,2,8,0.0268117
53,5,2,9,0.0363852
53,5,2,10,0.0475407
53,5,2,11,0.0574664
53,5,2,12,0.0650786
53,5,2,13,0.0713228
53,5,2,14,0.0714917
53,5,2,15,0.0717226
53,5,2,16,0.0720061
53,5,2,17,0.0711487
53,5,2,18,0.0678874
53,5,2,19,0.0617718
53,5,2,20,0.0516882
53,5,2,21,0.0428658
53,5,2,22,0.0380302
53,5,2,23,0.0322072
53,5,2,24,0.0245677
53,5,5,1,0.00986211
53,5,5,2,0.00627248
53,5,5,3,0.00505767
53,5,5,4,0.00466686
53,5,5,5,0.00699469
53,5,5,6,0.018494
53,5,5,7,0.0459565
53,5,5,8,0.0696444
53,5,5,9,0.0608279
53,5,5,10,0.0502862
53,5,5,11,0.0499351
53,5,5,12,0.0543654
53,5,5,13,0.0576462
53,5,5,14,0.0580319
53,5,5,15,0.0622554
53,5,5,16,0.0710049
53,5,5,17,0.0769725
53,5,5,18,0.077432
53,5,5,19,0.059783
53,5,5,20,0.0443923
53,5,5,21,0.0354458
53,5,5,22,0.031824
53,5,5,23,0.0249419
53,5,5,24,0.0179068
54,1,2,1,0.0214739
54,1,2,2,0.0144428
54,1,2,3,0.0109684
54,1,2,4,0.00749451
54,1,2,5,0.00683855
54,1,2,6,0.0103588
54,1,2,7,0.0184304
54,1,2,8,0.0268117
54,1,2,9,0.0363852
54,1,2,10,0.0475407
54,1,2,11,0.0574664
54,1,2,12,0.0650786
54,1,2,13,0.0713228
54,1,2,14,0.0714917
54,1,2,15,0.0717226
54,1,2,16,0.0720061
54,1,2,17,0.0711487
54,1,2,18,0.0678874
54,1,2,19,0.0617718
54,1,2,20,0.0516882
54,1,2,21,0.0428658
54,1,2,22,0.0380302
54,1,2,23,0.0322072
54,1,2,24,0.0245677
54,1,5,1,0.00986211
54,1,5,2,0.00627248
54,1,5,3,0.00505767
54,1,5,4,0.00466686
54,1,5,5,0.00699469
54,1,5,6,0.018494
54,1,5,7,0.0459565
54,1,5,8,0.0696444
54,1,5,9,0.0608279
54,1,5,10,0.0502862
54,1,5,11,0.0499351
54,1,5,12,0.0543654
54,1,5,13,0.0576462
54,1,5,14,0.0580319
54,1,5,15,0.0622554
54,1,5,16,0.0710049
54,1,5,17,0.0769725
54,1,5,18,0.077432
54,1,5,19,0.059783
54,1,5,20,0.0443923
54,1,5,21,0.0354458
54,1,5,22,0.031824
54,1,5,23,0.0249419
54,1,5,24,0.0179068
54,2,2,1,0.0164213
54,2,2,2,0.0111921
54,2,2,3,0.0085415
54,2,2,4,0.00679328
54,2,2,5,0.00721894
54,2,2,6,0.0107619
54,2,2,7,0.01768
54,2,2,8,0.0268751
54,2,2,9,0.0386587
54,2,2,10,0.0522389
54,2,2,11,0.0631739
54,2,2,12,0.0699435
54,2,2,13,0.0729332
54,2,2,14,0.0731218
54,2,2,15,0.0736159
54,2,2,16,0.0744608
54,2,2,17,0.0742165
54,2,2,18,0.0700091
54,2,2,19,0.0614038
54,2,2,20,0.0505043
54,2,2,21,0.0412072
54,2,2,22,0.0336373
54,2,2,23,0.0262243
54,2,2,24,0.0191666
54,2,5,1,0.0107741
54,2,5,2,0.00764376
54,2,5,3,0.00654641
54,2,5,4,0.00663486
54,2,5,5,0.00953999
54,2,5,6,0.0200551
54,2,5,7,0.0410295
54,2,5,8,0.0579722
54,2,5,9,0.0534711
54,2,5,10,0.0525478
54,2,5,11,0.0550607
54,2,5,12,0.0576741
54,2,5,13,0.0591429
54,2,5,14,0.0608019
54,2,5,15,0.0652985
54,2,5,16,0.0726082
54,2,5,17,0.0773817
54,2,5,18,0.0754816
54,2,5,19,0.0587059
54,2,5,20,0.0439864
54,2,5,21,0.0357309
54,2,5,22,0.0307428
54,2,5,23,0.0238521
54,2,5,24,0.0173177
54,3,2,1,0.0164213
54,3,2,2,0.0111921
54,3,2,3,0.0085415
54,3,2,4,0.00679328
54,3,2,5,0.00721894
54,3,2,6,0.0107619
54,3,2,7,0.01768
54,3,2,8,0.0268751
54,3,2,9,0.0386587
54,3,2,10,0.0522389
54,3,2,11,0.0631739
54,3,2,12,0.0699435
54,3,2,13,0.0729332
54,3,2,14,0.0731218
54,3,2,15,0.0736159
54,3,2,16,0.0744608
54,3,2,17,0.0742165
54,3,2,18,0.0700091
54,3,2,19,0.0614038
54,3,2,20,0.0505043
54,3,2,21,0.0412072
54,3,2,22,0.0336373
54,3,2,23,0.0262243
54,3,2,24,0.0191666
54,3,5,1,0.0107741
54,3,5,2,0.00764376
54,3,5,3,0.00654641
54,3,5,4,0.00663486
54,3,5,5,0.00953999
54,3,5,6,0.0200551
54,3,5,7,0.0410295
54,3,5,8,0.0579722
54,3,5,9,0.0534711
54,3,5,10,0.0525478
54,3,5,11,0.0550607
54,3,5,12,0.0576741
54,3,5,13,0.0591429
54,3,5,14,0.0608019
54,3,5,15,0.0652985
54,3,5,16,0.0726082
54,3,5,17,0.0773817
54,3,5,18,0.0754816
54,3,5,19,0.0587059
54,3,5,20,0.0439864
54,3,5,21,0.0357309
54,3,5,22,0.0307428
54,3,5,23,0.0238521
54,3,5,24,0.0173177
54,4,2,1,0.0214739
54,4,2,2,0.0144428
54,4,2,3,0.0109684
54,4,2,4,0.00749451
54,4,2,5,0.00683855
54,4,2,6,0.0103588
54,4,2,7,0.0184304
54,4,2,8,0.0268117
54,4,2,9,0.0363852
54,4,2,10,0.0475407
54,4,2,11,0.0574664
54,4,2,12,0.0650786
54,4,2,13,0.0713228
54,4,2,14,0.0714917
54,4,2,15,0.0717226
54,4,2,16,0.0720061
54,4,2,17,0.0711487
54,4,2,18,0.0678874
54,4,2,19,0.0617718
54,4,2,20,0.0516882
54,4,2,21,0.0428658
54,4,2,22,0.0380302
54,4,2,23,0.0322072
54,4,2,24,0.0245677
54,4,5,1,0.00986211
54,4,5,2,0.00627248
54,4,5,3,0.00505767
54,4,5,4,0.00466686
54,4,5,5,0.00699469
54,4,5,6,0.018494
54,4,5,7,0.0459565
54,4,5,8,0.0696444
54,4,5,9,0.0608279
54,4,5,10,0.0502862
54,4,5,11,0.0499351
54,4,5,12,0.0543654
54,4,5,13,0.0576462
54,4,5,14,0.0580319
54,4,5,15,0.0622554
54,4,5,16,0.0710049
54,4,5,17,0.0769725
54,4,5,18,0.077432
54,4,5,19,0.059783
54,4,5,20,0.0443923
54,4,5,21,0.0354458
54,4,5,22,0.031824
54,4,5,23,0.0249419
54,4,5,24,0.0179068
54,5,2,1,0.0214739
54,5,2,2,0.0144428
54,5,2,3,0.0109684
54,5,2,4,0.00749451
54,5,2,5,0.00683855
54,5,2,6,0.0103588
54,5,2,7,0.0184304
54,5,2,8,0.0268117
54,5,2,9,0.0363852
54,5,2,10,0.0475407
54,5,2,11,0.0574664
54,5,2,12,0.0650786
54,5,2,13,0.0713228
54,5,2,14,0.0714917
54,5,2,15,0.0717226
54,5,2,16,0.0720061
54,5,2,17,0.0711487
54,5,2,18,0.0678874
54,5,2,19,0.0617718
54,5,2,20,0.0516882
54,5,2,21,0.0428658
54,5,2,22,0.0380302
54,5,2,23,0.0322072
54,5,2,24,0.0245677
54,5,5,1,0.00986211
54,5,5,2,0.00627248
54,5,5,3,0.00505767
54,5,5,4,0.00466686
54,5,5,5,0.00699469
54,5,5,6,0.018494
54,5,5,7,0.0459565
54,5,5,8,0.0696444
54,5,5,9,0.0608279
54,5,5,10,0.0502862
54,5,5,11,0.0499351
54,5,5,12,0.0543654
54,5,5,13,0.0576462
54,5,5,14,0.0580319
54,5,5,15,0.0622554
54,5,5,16,0.0710049
54,5,5,17,0.0769725
54,5,5,18,0.077432
54,5,5,19,0.059783
54,5,5,20,0.0443923
54,5,5,21,0.0354458
54,5,5,22,0.031824
54,5,5,23,0.0249419
54,5,5,24,0.0179068
61,1,2,1,0.0214739
61,1,2,2,0.0144428
61,1,2,3,0.0109684
61,1,2,4,0.00749451
61,1,2,5,0.00683855
61,1,2,6,0.0103588
61,1,2,7,0.0184304
61,1,2,8,0.0268117
61,1,2,9,0.0363852
61,1,2,10,0.0475407
61,1,2,11,0.0574664
61,1,2,12,0.0650786
61,1,2,13,0.0713228
61,1,2,14,0.0714917
61,1,2,15,0.0717226
61,1,2,16,0.0720061
61,1,2,17,0.0711487
61,1,2,18,0.0678874
61,1,2,19,0.0617718
61,1,2,20,0.0516882
61,1,2,21,0.0428658
61,1,2,22,0.0380302
61,1,2,23,0.0322072
61,1,2,24,0.0245677
61,1,5,1,0.00986211
61,1,5,2,0.00627248
61,1,5,3,0.00505767
61,1,5,4,0.00466686
61,1,5,5,0.00699469
61,1,5,6,0.018494
61,1,5,7,0.0459565
61,1,5,8,0.0696444
61,1,5,9,0.0608279
61,1,5,10,0.0502862
61,1,5,11,0.0499351
61,1,5,12,0.0543654
61,1,5,13,0.0576462
61,1,5,14,0.0580319
61,1,5,15,0.0622554
61,1,5,16,0.0710049
61,1,5,17,0.0769725
61,1,5,18,0.077432
61,1,5,19,0.059783
61,1,5,20,0.0443923
61,1,5,21,0.0354458
61,1,5,22,0.031824
61,1,5,23,0.0249419
61,1,5,24,0.0179068
61,2,2,1,0.0164213
61,2,2,2,0.0111921
61,2,2,3,0.0085415
61,2,2,4,0.00679328
61,2,2,5,0.00721894
61,2,2,6,0.0107619
61,2,2,7,0.01768
61,2,2,8,0.0268751
61,2,2,9,0.0386587
61,2,2,10,0.0522389
61,2,2,11,0.0631739
61,2,2,12,0.0699435
61,2,2,13,0.0729332
61,2,2,14,0.0731218
61,2,2,15,0.0736159
61,2,2,16,0.0744608
61,2,2,17,0.0742165
61,2,2,18,0.0700091
61,2,2,19,0.0614038
61,2,2,20,0.0505043
61,2,2,21,0.0412072
61,2,2,22,0.0336373
61,2,2,23,0.0262243
61,2,2,24,0.0191666
61,2,5,1,0.0107741
61,2,5,2,0.00764376
61,2,5,3,0.00654641
61,2,5,4,0.00663486
61,2,5,5,0.00953999
61,2,5,6,0.0200551
61,2,5,7,0.0410295
61,2,5,8,0.0579722
61,2,5,9,0.0534711
61,2,5,10,0.0525478
61,2,5,11,0.0550607
61,2,5,12,0.0576741
61,2,5,13,0.0591429
61,2,5,14,0.0608019
61,2,5,15,0.0652985
61,2,5,16,0.0726082
61,2,5,17,0.0773817
61,2,5,18,0.0754816
61,2,5,19,0.0587059
61,2,5,20,0.0439864
61,2,5,21,0.0357309
61,2,5,22,0.0307428
61,2,5,23,0.0238521
61,2,5,24,0.0173177
61,3,2,1,0.0164213
61,3,2,2,0.0111921
61,3,2,3,0.0085415
61,3,2,4,0.00679328
61,3,2,5,0.00721894
61,3,2,6,0.0107619
61,3,2,7,0.01768
61,3,2,8,0.0268751
61,3,2,9,0.0386587
61,3,2,10,0.0522389
61,3,2,11,0.0631739
61,3,2,12,0.0699435
61,3,2,13,0.0729332
61,3,2,14,0.0731218
61,3,2,15,0.0736159
61,3,2,16,0.0744608
61,3,2,17,0.0742165
61,3,2,18,0.0700091
61,3,2,19,0.0614038
61,3,2,20,0.0505043
61,3,2,21,0.0412072
61,3,2,22,0.0336373
61,3,2,23,0.0262243
61,3,2,24,0.0191666
61,3,5,1,0.0107741
61,3,5,2,0.00764376
61,3,5,3,0.00654641
61,3,5,4,0.00663486
61,3,5,5,0.00953999
61,3,5,6,0.0200551
61,3,5,7,0.0410295
61,3,5,8,0.0579722
61,3,5,9,0.0534711
61,3,5,10,0.0525478
61,3,5,11,0.0550607
61,3,5,12,0.0576741
61,3,5,13,0.0591429
61,3,5,14,0.0608019
61,3,5,15,0.0652985
61,3,5,16,0.0726082
61,3,5,17,0.0773817
61,3,5,18,0.0754816
61,3,5,19,0.0587059
61,3,5,20,0.0439864
61,3,5,21,0.0357309
61,3,5,22,0.0307428
61,3,5,23,0.0238521
61,3,5,24,0.0173177
61,4,2,1,0.0214739
61,4,2,2,0.0144428
61,4,2,3,0.0109684
61,4,2,4,0.00749451
61,4,2,5,0.00683855
61,4,2,6,0.0103588
61,4,2,7,0.0184304
61,4,2,8,0.0268117
61,4,2,9,0.0363852
61,4,2,10,0.0475407
61,4,2,11,0.0574664
61,4,2,12,0.0650786
61,4,2,13,0.0713228
61,4,2,14,0.0714917
61,4,2,15,0.0717226
61,4,2,16,0.0720061
61,4,2,17,0.0711487
61,4,2,18,0.0678874
61,4,2,19,0.0617718
61,4,2,20,0.0516882
61,4,2,21,0.0428658
61,4,2,22,0.0380302
61,4,2,23,0.0322072
61,4,2,24,0.0245677
61,4,5,1,0.00986211
61,4,5,2,0.00627248
61,4,5,3,0.00505767
61,4,5,4,0.00466686
61,4,5,5,0.00699469
61,4,5,6,0.018494
61,4,5,7,0.0459565
61,4,5,8,0.0696444
61,4,5,9,0.0608279
61,4,5,10,0.0502862
61,4,5,11,0.0499351
61,4,5,12,0.0543654
61,4,5,13,0.0576462
61,4,5,14,0.0580319
61,4,5,15,0.0622554
61,4,5,16,0.0710049
61,4,5,17,0.0769725
61,4,5,18,0.077432
61,4,5,19,0.059783
61,4,5,20,0.0443923
61,4,5,21,0.0354458
61,4,5,22,0.031824
61,4,5,23,0.0249419
61,4,5,24,0.0179068
61,5,2,1,0.0214739
61,5,2,2,0.0144428
61,5,2,3,0.0109684
61,5,2,4,0.00749451
61,5,2,5,0.00683855
61,5,2,6,0.0103588
61,5,2,7,0.0184304
61,5,2,8,0.0268117
61,5,2,9,0.0363852
61,5,2,10,0.0475407
61,5,2,11,0.0574664
61,5,2,12,0.0650786
61,5,2,13,0.0713228
61,5,2,14,0.0714917
61,5,2,15,0.0717226
61,5,2,16,0.0720061
61,5,2,17,0.0711487
61,5,2,18,0.0678874
61,5,2,19,0.0617718
61,5,2,20,0.0516882
61,5,2,21,0.0428658
61,5,2,22,0.0380302
61,5,2,23,0.0322072
61,5,2,24,0.0245677
61,5,5,1,0.00986211
61,5,5,2,0.00627248
61,5,5,3,0.00505767
61,5,5,4,0.00466686
61,5,5,5,0.00699469
61,5,5,6,0.018494
61,5,5,7,0.0459565
61,5,5,8,0.0696444
61,5,5,9,0.0608279
61,5,5,10,0.0502862
61,5,5,11,0.0499351
61,5,5,12,0.0543654
61,5,5,13,0.0576462
61,5,5,14,0.0580319
61,5,5,15,0.0622554
61,5,5,16,0.0710049
61,5,5,17,0.0769725
61,5,5,18,0.077432
61,5,5,19,0.059783
61,5,5,20,0.0443923
61,5,5,21,0.0354458
61,5,5,22,0.031824
61,5,5,23,0.0249419
61,5,5,24,0.0179068
62,1,2,1,0.0214739
62,1,2,2,0.0144428
62,1,2,3,0.0109684
62,1,2,4,0.00749451
62,1,2,5,0.00683855
62,1,2,6,0.0103588
62,1,2,7,0.0184304
62,1,2,8,0.0268117
62,1,2,9,0.0363852
62,1,2,10,0.0475407
62,1,2,11,0.0574664
62,1,2,12,0.0650786
62,1,2,13,0.0713228
62,1,2,14,0.0714917
62,1,2,15,0.0717226
62,1,2,16,0.0720061
62,1,2,17,0.0711487
62,1,2,18,0.0678874
62,1,2,19,0.0617718
62,1,2,20,0.0516882
62,1,2,21,0.0428658
62,1,2,22,0.0380302
62,1,2,23,0.0322072
62,1,2,24,0.0245677
62,1,5,1,0.00986211
62,1,5,2,0.00627248
62,1,5,3,0.00505767
62,1,5,4,0.00466686
62,1,5,5,0.00699469
62,1,5,6,0.018494
62,1,5,7,0.0459565
62,1,5,8,0.0696444
62,1,5,9,0.0608279
62,1,5,10,0.0502862
62,1,5,11,0.0499351
62,1,5,12,0.0543654
62,1,5,13,0.0576462
62,1,5,14,0.0580319
62,1,5,15,0.0622554
62,1,5,16,0.0710049
62,1,5,17,0.0769725
62,1,5,18,0.077432
62,1,5,19,0.059783
62,1,5,20,0.0443923
62,1,5,21,0.0354458
62,1,5,22,0.031824
62,1,5,23,0.0249419
62,1,5,24,0.0179068
62,2,2,1,0.0164213
62,2,2,2,0.0111921
62,2,2,3,0.0085415
62,2,2,4,0.00679328
62,2,2,5,0.00721894
62,2,2,6,0.0107619
62,2,2,7,0.01768
62,2,2,8,0.0268751
62,2,2,9,0.0386587
62,2,2,10,0.0522389
62,2,2,11,0.0631739
62,2,2,12,0.0699435
62,2,2,13,0.0729332
62,2,2,14,0.0731218
62,2,2,15,0.0736159
62,2,2,16,0.0744608
62,2,2,17,0.0742165
62,2,2,18,0.0700091
62,2,2,19,0.0614038
62,2,2,20,0.0505043
62,2,2,21,0.0412072
62,2,2,22,0.0336373
62,2,2,23,0.0262243
62,2,2,24,0.0191666
62,2,5,1,0.0107741
62,2,5,2,0.00764376
62,2,5,3,0.00654641
62,2,5,4,0.00663486
62,2,5,5,0.00953999
62,2,5,6,0.0200551
62,2,5,7,0.0410295
62,2,5,8,0.0579722
62,2,5,9,0.0534711
62,2,5,10,0.0525478
62,2,5,11,0.0550607
62,2,5,12,0.0576741
62,2,5,13,0.0591429
62,2,5,14,0.0608019
62,2,5,15,0.0652985
62,2,5,16,0.0726082
62,2,5,17,0.0773817
62,2,5,18,0.0754816
62,2,5,19,0.0587059
62,2,5,20,0.0439864
62,2,5,21,0.0357309
62,2,5,22,0.0307428
62,2,5,23,0.0238521
62,2,5,24,0.0173177
62,3,2,1,0.0164213
62,3,2,2,0.0111921
62,3,2,3,0.0085415
62,3,2,4,0.00679328
62,3,2,5,0.00721894
62,3,2,6,0.0107619
62,3,2,7,0.01768
62,3,2,8,0.0268751
62,3,2,9,0.0386587
62,3,2,10,0.0522389
62,3,2,11,0.0631739
62,3,2,12,0.0699435
62,3,2,13,0.0729332
62,3,2,14,0.0731218
62,3,2,15,0.0736159
62,3,2,16,0.0744608
62,3,2,17,0.0742165
62,3,2,18,0.0700091
62,3,2,19,0.0614038
62,3,2,20,0.0505043
62,3,2,21,0.0412072
62,3,2,22,0.0336373
62,3,2,23,0.0262243
62,3,2,24,0.0191666
62,3,5,1,0.0107741
62,3,5,2,0.00764376
62,3,5,3,0.00654641
62,3,5,4,0.00663486
62,3,5,5,0.00953999
62,3,5,6,0.0200551
62,3,5,7,0.0410295
62,3,5,8,0.0579722
62,3,5,9,0.0534711
62,3,5,10,0.0525478
62,3,5,11,0.0550607
62,3,5,12,0.0576741
62,3,5,13,0.0591429
62,3,5,14,0.0608019
62,3,5,15,0.0652985
62,3,5,16,0.0726082
62,3,5,17,0.0773817
62,3,5,18,0.0754816
62,3,5,19,0.0587059
62,3,5,20,0.0439864
62,3,5,21,0.0357309
62,3,5,22,0.0307428
62,3,5,23,0.0238521
62,3,5,24,0.0173177
62,4,2,1,0.0214739
62,4,2,2,0.0144428
62,4,2,3,0.0109684
62,4,2,4,0.00749451
62,4,2,5,0.00683855
62,4,2,6,0.0103588
62,4,2,7,0.0184304
62,4,2,8,0.0268117
62,4,2,9,0.0363852
62,4,2,10,0.0475407
62,4,2,11,0.0574664
62,4,2,12,0.0650786
62,4,2,13,0.0713228
62,4,2,14,0.0714917
62,4,2,15,0.0717226
62,4,2,16,0.0720061
62,4,2,17,0.0711487
62,4,2,18,0.0678874
62,4,2,19,0.0617718
62,4,2,20,0.0516882
62,4,2,21,0.0428658
62,4,2,22,0.0380302
62,4,2,23,0.0322072
62,4,2,24,0.0245677
62,4,5,1,0.00986211
62,4,5,2,0.00627248
62,4,5,3,0.00505767
62,4,5,4,0.00466686
62,4,5,5,0.00699469
62,4,5,6,0.018494
62,4,5,7,0.0459565
62,4,5,8,0.0696444
62,4,5,9,0.0608279
62,4,5,10,0.0502862
62,4,5,11,0.0499351
62,4,5,12,0.0543654
62,4,5,13,0.0576462
62,4,5,14,0.0580319
62,4,5,15,0.0622554
62,4,5,16,0.0710049
62,4,5,17,0.0769725
62,4,5,18,0.077432
62,4,5,19,0.059783
62,4,5,20,0.0443923
62,4,5,21,0.0354458
62,4,5,22,0.031824
62,4,5,23,0.0249419
62,4,5,24,0.0179068
62,5,2,1,0.0214739
62,5,2,2,0.0144428
62,5,2,3,0.0109684
62,5,2,4,0.00749451
62,5,2,5,0.00683855
62,5,2,6,0.0103588
62,5,2,7,0.0184304
62,5,2,8,0.0268117
62,5,2,9,0.0363852
62,5,2,10,0.0475407
62,5,2,11,0.0574664
62,5,2,12,0.0650786
62,5,2,13,0.0713228
62,5,2,14,0.0714917
62,5,2,15,0.0717226
62,5,2,16,0.0720061
62,5,2,17,0.0711487
62,5,2,18,0.0678874
62,5,2,19,0.0617718
62,5,2,20,0.0516882
62,5,2,21,0.0428658
62,5,2,22,0.0380302
62,5,2,23,0.0322072
62,5,2,24,0.0245677
62,5,5,1,0.00986211
62,5,5,2,0.00627248
62,5,5,3,0.00505767
62,5,5,4,0.00466686
62,5,5,5,0.00699469
62,5,5,6,0.018494
62,5,5,7,0.0459565
62,5,5,8,0.0696444
62,5,5,9,0.0608279
62,5,5,10,0.0502862
62,5,5,11,0.0499351
62,5,5,12,0.0543654
62,5,5,13,0.0576462
62,5,5,14,0.0580319
62,5,5,15,0.0622554
62,5,5,16,0.0710049
62,5,5,17,0.0769725
62,5,5,18,0.077432
62,5,5,19,0.059783
62,5,5,20,0.0443923
62,5,5,21,0.0354458
62,5,5,22,0.031824
62,5,5,23,0.0249419
62,5,5,24,0.0179068
